File,Signature,Contribution
7316-1091,SBS1,7372.67834844255
7316-1091,SBS5,37361.433743501
7316-1091,SBS6,6110.99873328436
7316-1091,SBS7b,1154.22300536843
7316-1091,SBS8,8682.42989426556
7316-1091,SBS9,173.986109249921
7316-1091,SBS10b,1145.77379519588
7316-1091,SBS10d,1140.32431495945
7316-1091,SBS13,759.199467622349
7316-1091,SBS17a,1596.73602083557
7316-1091,SBS19,4350.25205335236
7316-1091,SBS25,349.095582114569
7316-1091,SBS26,8782.00459027417
7316-1091,SBS30,2476.32270345073
7316-1091,SBS32,3905.6189794498
7316-1091,SBS33,4949.58585847226
7316-1091,SBS37,11652.5018716159
7316-1091,SBS39,7672.92727334367
7316-1091,SBS40,34630.1273657928
7316-1091,SBS85,4825.89189969009
7316-1091,SBS87,3197.43900960314
7316-1091,SBS89,25963.1574477172
7316-1091,SBS91,1501.73814575945
7316-1780,SBS1,7297.23613707741
7316-1780,SBS5,32199.402021367
7316-1780,SBS6,7114.95144328722
7316-1780,SBS7b,1712.69729115085
7316-1780,SBS8,8764.23463856255
7316-1780,SBS10b,1341.62323185386
7316-1780,SBS10d,3973.29085040712
7316-1780,SBS13,937.702283840259
7316-1780,SBS17a,1495.12777887699
7316-1780,SBS19,3849.61150052806
7316-1780,SBS26,10178.6081217182
7316-1780,SBS30,964.806910852511
7316-1780,SBS32,3926.49914990654
7316-1780,SBS33,4665.7607148662
7316-1780,SBS37,9971.32604329899
7316-1780,SBS39,4279.55663985117
7316-1780,SBS40,41958.8520367795
7316-1780,SBS85,4311.37637626696
7316-1780,SBS87,3605.32648450066
7316-1780,SBS89,28587.7555164487
7316-1780,SBS91,4420.98099899665
7316-2565,SBS1,7196.05774646827
7316-2565,SBS5,29955.6024865413
7316-2565,SBS6,6813.6131219849
7316-2565,SBS7b,1809.60783127129
7316-2565,SBS8,8316.25716734566
7316-2565,SBS10b,1037.95511829433
7316-2565,SBS10d,3257.83279944639
7316-2565,SBS13,1064.63486063953
7316-2565,SBS17a,1665.33280911919
7316-2565,SBS19,3791.61918962109
7316-2565,SBS26,9920.23140879493
7316-2565,SBS30,841.766251487398
7316-2565,SBS32,4027.09839571531
7316-2565,SBS33,4508.77531144776
7316-2565,SBS37,10663.5120261952
7316-2565,SBS39,5284.26658317825
7316-2565,SBS40,40805.3386442748
7316-2565,SBS84,365.070667938559
7316-2565,SBS85,4841.11117878748
7316-2565,SBS87,3332.19343020406
7316-2565,SBS89,28911.0964375123
7316-2565,SBS91,3616.07122283624
7316-2692,SBS1,7588.70671730392
7316-2692,SBS5,30597.3174907618
7316-2692,SBS6,7175.31755643548
7316-2692,SBS7b,1170.09679718788
7316-2692,SBS8,10584.0591784935
7316-2692,SBS10b,1060.4067916745
7316-2692,SBS10d,3453.87666508833
7316-2692,SBS13,1175.07774675089
7316-2692,SBS17a,1595.34434306819
7316-2692,SBS19,4538.78063082379
7316-2692,SBS26,10870.5006902731
7316-2692,SBS30,2934.62669394127
7316-2692,SBS32,3788.97289281667
7316-2692,SBS33,4578.76655049933
7316-2692,SBS37,11899.4790710485
7316-2692,SBS39,6451.47355353005
7316-2692,SBS40,37577.1025520115
7316-2692,SBS85,4463.17610811603
7316-2692,SBS87,3727.76684818605
7316-2692,SBS89,30480.6606260655
7316-2692,SBS91,3475.9435222496
7316-3027,SBS1,8065.73984824648
7316-3027,SBS5,32913.0251929547
7316-3027,SBS6,9120.60497371565
7316-3027,SBS7b,2182.70269201058
7316-3027,SBS8,9687.95430123742
7316-3027,SBS10b,1006.58701857941
7316-3027,SBS10d,4389.641499215
7316-3027,SBS13,788.540641813101
7316-3027,SBS17a,1519.6334555855
7316-3027,SBS19,4093.08257621533
7316-3027,SBS26,12023.9947437212
7316-3027,SBS30,988.887887519655
7316-3027,SBS32,4331.28303119395
7316-3027,SBS33,5106.70585442801
7316-3027,SBS37,10205.2511880303
7316-3027,SBS39,4403.4678053884
7316-3027,SBS40,43966.9672936459
7316-3027,SBS85,4454.8790077464
7316-3027,SBS87,4093.47589361165
7316-3027,SBS89,30657.6693512405
7316-3027,SBS91,4257.2091403986
7316-3047,SBS1,7051.84619136164
7316-3047,SBS5,28394.3043258057
7316-3047,SBS6,8085.37167265982
7316-3047,SBS7b,1775.41255425196
7316-3047,SBS8,9799.14806927258
7316-3047,SBS10b,1151.33886688943
7316-3047,SBS10d,3273.20304076669
7316-3047,SBS13,1004.78150701817
7316-3047,SBS17a,1500.5396703932
7316-3047,SBS19,4339.43320532833
7316-3047,SBS26,11003.5643612324
7316-3047,SBS30,1206.09809730802
7316-3047,SBS32,4074.01563837947
7316-3047,SBS33,4584.10408451719
7316-3047,SBS37,10728.2067891025
7316-3047,SBS39,5415.26513354171
7316-3047,SBS40,40774.6958094758
7316-3047,SBS85,4435.07521212514
7316-3047,SBS87,4241.35053545507
7316-3047,SBS89,29694.8313209164
7316-3047,SBS91,3478.8395776345
7316-3079,SBS1,6559.63334624465
7316-3079,SBS5,24100.1796930142
7316-3079,SBS6,6292.26315776709
7316-3079,SBS7b,1141.7095820231
7316-3079,SBS8,7168.36091095886
7316-3079,SBS10b,1014.74477801009
7316-3079,SBS10d,3009.5758127014
7316-3079,SBS13,711.218318070044
7316-3079,SBS17a,1092.70119669435
7316-3079,SBS19,2806.85868700758
7316-3079,SBS26,8964.14256439371
7316-3079,SBS30,1460.77917531956
7316-3079,SBS32,3032.64346499807
7316-3079,SBS33,4052.46766246319
7316-3079,SBS37,9710.45242011307
7316-3079,SBS39,4342.90718522703
7316-3079,SBS40,35310.9231447865
7316-3079,SBS85,3964.92168650132
7316-3079,SBS87,2936.90992717997
7316-3079,SBS89,25800.5598878133
7316-3079,SBS91,2474.38098866854
7316-3155,SBS1,7284.93879250405
7316-3155,SBS5,32689.9242622117
7316-3155,SBS6,7733.27939312587
7316-3155,SBS7b,1172.70857651945
7316-3155,SBS8,10596.5264701246
7316-3155,SBS10b,1317.15492630648
7316-3155,SBS10d,3131.68113786462
7316-3155,SBS13,1185.952184499
7316-3155,SBS17a,1218.51361400042
7316-3155,SBS19,4298.94169724049
7316-3155,SBS26,10784.2286211092
7316-3155,SBS30,1655.43611376793
7316-3155,SBS32,4041.20665290166
7316-3155,SBS33,4891.75139709994
7316-3155,SBS37,11664.1992814321
7316-3155,SBS39,5407.29567330329
7316-3155,SBS40,40735.4967458687
7316-3155,SBS85,3836.74227584194
7316-3155,SBS87,3712.80616754154
7316-3155,SBS89,27551.6427434714
7316-3155,SBS91,3501.01477397887
7316-3158,SBS1,7195.11695554306
7316-3158,SBS5,31274.1338519371
7316-3158,SBS6,7465.15868464593
7316-3158,SBS7b,1679.98871851048
7316-3158,SBS8,9085.81857661995
7316-3158,SBS10b,1090.83370749411
7316-3158,SBS10d,2263.21809802595
7316-3158,SBS13,1206.90688733273
7316-3158,SBS17a,1413.43984406244
7316-3158,SBS19,4210.92098101166
7316-3158,SBS26,10100.9707963786
7316-3158,SBS30,1575.91080152528
7316-3158,SBS32,3894.54419798022
7316-3158,SBS33,4566.53707240759
7316-3158,SBS37,10927.7451947372
7316-3158,SBS39,5254.76193315352
7316-3158,SBS40,38845.3989485717
7316-3158,SBS85,4123.03215885881
7316-3158,SBS87,3403.58488850367
7316-3158,SBS89,28425.4973891869
7316-3158,SBS91,2433.03193291137
7316-3161,SBS1,7594.93674293126
7316-3161,SBS5,36947.3569747714
7316-3161,SBS6,7093.98941111091
7316-3161,SBS7b,1554.37198494929
7316-3161,SBS8,10702.5289176161
7316-3161,SBS10b,1380.99183264247
7316-3161,SBS10d,1855.69783818383
7316-3161,SBS13,1074.48069501386
7316-3161,SBS17a,1724.36744872327
7316-3161,SBS17b,102.142553825407
7316-3161,SBS19,4583.10883041515
7316-3161,SBS26,10168.2180002662
7316-3161,SBS28,20.102209254112
7316-3161,SBS30,2273.29754885005
7316-3161,SBS32,3927.5345285714
7316-3161,SBS33,5008.50683970787
7316-3161,SBS37,11775.4345003273
7316-3161,SBS39,8573.9892718331
7316-3161,SBS40,33893.4931773959
7316-3161,SBS84,233.986411108188
7316-3161,SBS85,5055.27918723473
7316-3161,SBS87,3708.65335150099
7316-3161,SBS89,29408.4318260137
7316-3161,SBS91,1927.99323348222
7316-351,SBS1,7351.58456025401
7316-351,SBS5,26746.5101350296
7316-351,SBS6,8387.66318710179
7316-351,SBS7b,2746.9288829572
7316-351,SBS8,8576.66439299549
7316-351,SBS10b,766.942768296554
7316-351,SBS10d,6024.05789844606
7316-351,SBS13,1125.25247350697
7316-351,SBS17a,1313.58086353285
7316-351,SBS19,3396.92453511125
7316-351,SBS26,11916.2755344203
7316-351,SBS30,313.235465165921
7316-351,SBS32,4124.84248204407
7316-351,SBS33,4587.97064251653
7316-351,SBS37,9883.17610996905
7316-351,SBS39,4201.00048180944
7316-351,SBS40,47483.4708419809
7316-351,SBS85,4824.39705271572
7316-351,SBS87,3466.44192050681
7316-351,SBS89,31942.5002731188
7316-351,SBS91,6130.44941025854
7316-357,SBS1,7481.48931542987
7316-357,SBS5,31656.0392531013
7316-357,SBS6,8257.0768435508
7316-357,SBS7b,2009.07555424014
7316-357,SBS8,8311.38364121192
7316-357,SBS10b,933.911858974642
7316-357,SBS10d,4288.8813989181
7316-357,SBS13,1344.57999213791
7316-357,SBS17a,1685.76874266136
7316-357,SBS19,4130.55072315671
7316-357,SBS26,11899.1579700656
7316-357,SBS30,1309.60987845876
7316-357,SBS32,5199.98711693971
7316-357,SBS33,4672.9566014783
7316-357,SBS37,10893.4469379416
7316-357,SBS39,6424.9662035556
7316-357,SBS40,42351.682813167
7316-357,SBS85,5497.40951285682
7316-357,SBS87,2842.53354086457
7316-357,SBS89,28924.2482902539
7316-357,SBS91,4978.63601535442
7316-3633,SBS1,6427.33423999611
7316-3633,SBS5,23572.9537084617
7316-3633,SBS6,8269.19908317958
7316-3633,SBS7b,1760.58575337814
7316-3633,SBS8,10501.9046196759
7316-3633,SBS10b,949.125143134941
7316-3633,SBS10d,4175.30290972467
7316-3633,SBS13,1195.75595439194
7316-3633,SBS17a,1385.94968915462
7316-3633,SBS19,3592.91228106004
7316-3633,SBS26,10989.3933285739
7316-3633,SBS30,1496.76240534272
7316-3633,SBS32,4283.26895813951
7316-3633,SBS33,4477.62329803106
7316-3633,SBS37,12673.5015538064
7316-3633,SBS39,3701.8759810036
7316-3633,SBS40,44938.5500141048
7316-3633,SBS85,4244.66300724743
7316-3633,SBS87,3538.17271777117
7316-3633,SBS89,31137.9212677921
7316-3633,SBS91,4985.06562780221
7316-3655,SBS1,7210.76971474377
7316-3655,SBS5,32659.5976481862
7316-3655,SBS6,7720.97510553157
7316-3655,SBS7b,2458.88376016925
7316-3655,SBS8,9322.30524881624
7316-3655,SBS10b,938.454523395517
7316-3655,SBS10d,4206.09492150826
7316-3655,SBS13,918.408050874456
7316-3655,SBS17a,1420.27978206891
7316-3655,SBS19,3589.34774291176
7316-3655,SBS26,9697.91529369934
7316-3655,SBS30,723.383007399969
7316-3655,SBS32,4231.75116008706
7316-3655,SBS33,4537.87981752187
7316-3655,SBS37,12115.0997553893
7316-3655,SBS39,5118.59051613906
7316-3655,SBS40,42207.563417755
7316-3655,SBS84,209.504419588941
7316-3655,SBS85,5132.69706921108
7316-3655,SBS87,3632.74194845813
7316-3655,SBS89,30486.5016591938
7316-3655,SBS91,4341.72685815603
7316-3948,SBS1,7783.37040051007
7316-3948,SBS5,28555.4664330046
7316-3948,SBS6,7817.01146398653
7316-3948,SBS7b,2026.36205258878
7316-3948,SBS8,10375.6049409727
7316-3948,SBS10b,1372.71574445362
7316-3948,SBS10d,3899.61238965154
7316-3948,SBS13,1059.62033466079
7316-3948,SBS17a,1556.80052307448
7316-3948,SBS19,3792.61161380167
7316-3948,SBS26,13307.8284626808
7316-3948,SBS30,1880.03096460131
7316-3948,SBS32,4475.18280333231
7316-3948,SBS33,5003.55453550647
7316-3948,SBS37,9718.25434297346
7316-3948,SBS39,7000.88060243606
7316-3948,SBS40,45143.7992434263
7316-3948,SBS84,15.7603279404778
7316-3948,SBS85,4428.50160334586
7316-3948,SBS87,4128.17214339024
7316-3948,SBS89,29869.0884311097
7316-3948,SBS91,4438.41161865594
7316-3953,SBS1,7922.59947760454
7316-3953,SBS5,33319.6562354966
7316-3953,SBS6,7938.06711024392
7316-3953,SBS7b,1918.22611667037
7316-3953,SBS8,8768.43939064202
7316-3953,SBS10b,1065.66983648197
7316-3953,SBS10d,3952.88928713726
7316-3953,SBS13,1064.86249045829
7316-3953,SBS17a,1714.95637177352
7316-3953,SBS19,4148.97473393181
7316-3953,SBS26,11845.488772521
7316-3953,SBS30,1455.31047286075
7316-3953,SBS32,4425.73341657832
7316-3953,SBS33,4929.92869957772
7316-3953,SBS37,11547.8365089276
7316-3953,SBS39,4760.68247595409
7316-3953,SBS40,44997.7954890759
7316-3953,SBS85,4604.28488147707
7316-3953,SBS87,4083.09354756285
7316-3953,SBS89,32142.7481543969
7316-3953,SBS91,4250.02016123061
7316-4102,SBS1,6987.66314602157
7316-4102,SBS5,34901.4203251481
7316-4102,SBS6,8322.75305772168
7316-4102,SBS7b,1698.99569547495
7316-4102,SBS8,11316.8700423884
7316-4102,SBS10b,1599.1677022946
7316-4102,SBS10d,1179.13557524534
7316-4102,SBS13,1109.26894625634
7316-4102,SBS17a,1626.90018243652
7316-4102,SBS19,3951.40148802908
7316-4102,SBS25,30.4966654762983
7316-4102,SBS26,9531.57189547396
7316-4102,SBS30,2609.76028697419
7316-4102,SBS32,4029.74369784643
7316-4102,SBS33,4957.60870407446
7316-4102,SBS37,13269.4267464824
7316-4102,SBS39,7230.19838905631
7316-4102,SBS40,37223.2483116801
7316-4102,SBS85,4977.94054670849
7316-4102,SBS87,3823.79123993418
7316-4102,SBS89,25951.4773923203
7316-4102,SBS91,1875.38134097693
7316-4220,SBS1,7755.20971573389
7316-4220,SBS5,35835.6709677619
7316-4220,SBS6,6667.47128093365
7316-4220,SBS7b,612.017096759031
7316-4220,SBS8,10060.6166898064
7316-4220,SBS10b,1442.28565546072
7316-4220,SBS10d,1356.75833259543
7316-4220,SBS13,755.90056643299
7316-4220,SBS17a,1443.0553226681
7316-4220,SBS19,4666.02921312381
7316-4220,SBS26,9196.94099839635
7316-4220,SBS30,2608.26111374109
7316-4220,SBS32,4021.7894298009
7316-4220,SBS33,5069.78435631217
7316-4220,SBS37,12627.2112231812
7316-4220,SBS39,7638.3891617695
7316-4220,SBS40,36463.1358790198
7316-4220,SBS85,4727.36264656797
7316-4220,SBS87,3191.78034388218
7316-4220,SBS89,25956.6572040612
7316-4220,SBS91,1682.54976253058
7316-4335,SBS1,7471.49730240152
7316-4335,SBS5,37174.9876600512
7316-4335,SBS6,6918.09964601327
7316-4335,SBS7b,977.898139475984
7316-4335,SBS8,9736.4423675877
7316-4335,SBS10b,1177.06899824662
7316-4335,SBS10d,1831.83240905709
7316-4335,SBS13,1196.39961927072
7316-4335,SBS17a,1489.58147261913
7316-4335,SBS19,4444.82793682541
7316-4335,SBS26,10426.1054448303
7316-4335,SBS30,2837.11139756447
7316-4335,SBS32,4372.13353060834
7316-4335,SBS33,4505.87257911031
7316-4335,SBS34,59.8877536436782
7316-4335,SBS37,10598.3041496995
7316-4335,SBS39,6997.0875009029
7316-4335,SBS40,35785.2168210017
7316-4335,SBS85,4568.1544056522
7316-4335,SBS87,3250.26396445814
7316-4335,SBS89,27284.0311325215
7316-4335,SBS91,1820.83290269119
7316-4543,SBS1,7469.34170335231
7316-4543,SBS5,31374.4670018591
7316-4543,SBS6,7941.52997890604
7316-4543,SBS7b,1924.32431650877
7316-4543,SBS8,8719.20394409012
7316-4543,SBS10b,964.330188148579
7316-4543,SBS10d,3840.35005884551
7316-4543,SBS13,878.195291785696
7316-4543,SBS17a,1414.78186616248
7316-4543,SBS19,4232.50109279006
7316-4543,SBS26,10942.774922343
7316-4543,SBS30,781.735485437629
7316-4543,SBS32,4164.67223272087
7316-4543,SBS33,4607.69394893467
7316-4543,SBS37,10897.1346532559
7316-4543,SBS39,5092.45626346632
7316-4543,SBS40,42293.0794901469
7316-4543,SBS84,108.999133439218
7316-4543,SBS85,4394.69180179304
7316-4543,SBS87,3437.13741777894
7316-4543,SBS89,30507.8954085471
7316-4543,SBS91,3861.77111858704
7316-4553,SBS1,7369.42441678707
7316-4553,SBS5,34902.4663507101
7316-4553,SBS6,7611.18136204304
7316-4553,SBS7b,1444.11881847962
7316-4553,SBS8,9252.19244770141
7316-4553,SBS10b,1207.15967381884
7316-4553,SBS10d,2615.01144809895
7316-4553,SBS13,891.87795371702
7316-4553,SBS17a,1462.32113043661
7316-4553,SBS19,4146.58909367407
7316-4553,SBS26,9714.67820038171
7316-4553,SBS30,1749.39028277114
7316-4553,SBS32,3809.99310699984
7316-4553,SBS33,4658.34153665525
7316-4553,SBS37,10899.8145714194
7316-4553,SBS39,5877.36207436293
7316-4553,SBS40,38064.0017073601
7316-4553,SBS85,5431.08857435861
7316-4553,SBS87,3209.04956252548
7316-4553,SBS89,28421.5092253379
7316-4553,SBS91,2920.56813143394
7316-4558,SBS1,7232.07928283279
7316-4558,SBS5,35637.4894097081
7316-4558,SBS6,6153.82598948108
7316-4558,SBS7b,801.624800735265
7316-4558,SBS8,9159.10385564565
7316-4558,SBS9,500.429813523219
7316-4558,SBS10b,1301.2455048346
7316-4558,SBS10d,1495.93275986661
7316-4558,SBS13,977.385066778124
7316-4558,SBS17a,1610.15102093188
7316-4558,SBS17b,68.7649247349356
7316-4558,SBS19,3812.78889078016
7316-4558,SBS25,269.231581722621
7316-4558,SBS26,9142.87905850931
7316-4558,SBS28,159.88976643188
7316-4558,SBS30,3266.43633144455
7316-4558,SBS32,3220.25231165841
7316-4558,SBS33,4584.9217370728
7316-4558,SBS37,10241.6757486424
7316-4558,SBS39,6470.95227988358
7316-4558,SBS40,28572.3198635871
7316-4558,SBS85,4225.91648406922
7316-4558,SBS87,2356.26471162881
7316-4558,SBS89,27159.1106749821
7316-4558,SBS91,1228.32517644456
7316-46,SBS1,7332.08441170501
7316-46,SBS5,32767.4876265701
7316-46,SBS6,7725.81402829763
7316-46,SBS7b,2244.80442480127
7316-46,SBS8,6818.22476878995
7316-46,SBS10b,801.248932766336
7316-46,SBS10d,4162.97604339683
7316-46,SBS13,919.038164053365
7316-46,SBS17a,1651.07234987345
7316-46,SBS19,3250.95608908251
7316-46,SBS26,10591.5213291342
7316-46,SBS30,462.104688026446
7316-46,SBS32,3545.07713394799
7316-46,SBS33,4481.78097876408
7316-46,SBS37,9370.99642819723
7316-46,SBS39,4087.27013642809
7316-46,SBS40,41323.4420304236
7316-46,SBS85,4170.54381742611
7316-46,SBS87,3743.28571611943
7316-46,SBS89,29906.1282546804
7316-46,SBS91,4508.43938973332
7316-4672,SBS1,7566.38509491566
7316-4672,SBS5,38623.7024723379
7316-4672,SBS6,6950.0083899076
7316-4672,SBS7b,225.907934959303
7316-4672,SBS8,9584.80216149384
7316-4672,SBS9,1007.82012835172
7316-4672,SBS10b,1722.78034641441
7316-4672,SBS10d,951.174717791676
7316-4672,SBS13,1069.25746749967
7316-4672,SBS17a,1626.78746316442
7316-4672,SBS19,4741.9553413742
7316-4672,SBS25,410.43518339093
7316-4672,SBS26,10307.5045801729
7316-4672,SBS28,31.2211877743761
7316-4672,SBS30,4460.45175047518
7316-4672,SBS32,3718.72819953701
7316-4672,SBS33,5100.12900578934
7316-4672,SBS34,7.614611767392
7316-4672,SBS37,11882.4087761813
7316-4672,SBS39,8253.41272927458
7316-4672,SBS40,31318.2494995913
7316-4672,SBS85,4803.81145097127
7316-4672,SBS87,2985.63816800131
7316-4672,SBS89,30098.5549873039
7316-4672,SBS91,896.567723107676
7316-4685,SBS1,8714.21024394518
7316-4685,SBS5,41757.2268601316
7316-4685,SBS6,7876.0161148325
7316-4685,SBS7b,1671.92858083509
7316-4685,SBS8,9628.15618387913
7316-4685,SBS10b,1563.31111754994
7316-4685,SBS10d,3124.47702157772
7316-4685,SBS13,753.388313846775
7316-4685,SBS17a,1507.24600837322
7316-4685,SBS19,4396.36069422878
7316-4685,SBS26,10859.4232088974
7316-4685,SBS30,1495.06297069092
7316-4685,SBS32,4208.30979740129
7316-4685,SBS33,5072.64378439997
7316-4685,SBS37,10615.1644754389
7316-4685,SBS39,5593.12644025918
7316-4685,SBS40,43213.4465389256
7316-4685,SBS85,4974.82454282963
7316-4685,SBS87,3452.15829674353
7316-4685,SBS89,29646.0736117348
7316-4685,SBS91,3086.74359476849
7316-4842,SBS1,8201.61154210933
7316-4842,SBS5,30361.936347592
7316-4842,SBS6,7428.80676516646
7316-4842,SBS7b,2198.41156903619
7316-4842,SBS8,8457.70260609396
7316-4842,SBS10b,1244.29532526574
7316-4842,SBS10d,2963.06843411771
7316-4842,SBS13,1205.85821249177
7316-4842,SBS17a,1526.06965539179
7316-4842,SBS19,3932.09084343511
7316-4842,SBS26,12838.0384575291
7316-4842,SBS30,1303.98991738737
7316-4842,SBS32,4518.13833258408
7316-4842,SBS33,4760.79875460358
7316-4842,SBS37,9825.66564205238
7316-4842,SBS39,5380.83615758256
7316-4842,SBS40,47659.2005285589
7316-4842,SBS85,4782.55357594939
7316-4842,SBS87,3996.56842710795
7316-4842,SBS89,31531.8169164766
7316-4842,SBS91,3747.40454627781
7316-486,SBS1,7807.2223268002
7316-486,SBS5,38716.6724292907
7316-486,SBS6,8499.74080741092
7316-486,SBS7b,2602.89709396601
7316-486,SBS8,9393.56806889701
7316-486,SBS10b,973.5199193616
7316-486,SBS10d,3878.82044532965
7316-486,SBS13,619.147843887942
7316-486,SBS17a,1677.86895348086
7316-486,SBS19,3732.16739465489
7316-486,SBS26,11246.6757599782
7316-486,SBS30,410.455076967325
7316-486,SBS32,4175.60250195746
7316-486,SBS33,4670.27032573296
7316-486,SBS37,9400.54984643182
7316-486,SBS39,4161.28553006901
7316-486,SBS40,39628.83918516
7316-486,SBS85,5068.78042694734
7316-486,SBS87,4526.76813790842
7316-486,SBS89,31586.7306678082
7316-486,SBS91,3104.54662999415
7316-4869,SBS1,7330.50146442221
7316-4869,SBS5,34454.5986689022
7316-4869,SBS6,6918.63632515138
7316-4869,SBS7b,1370.05997323472
7316-4869,SBS8,9512.03752443255
7316-4869,SBS10b,1336.99525352725
7316-4869,SBS10d,2730.12449265588
7316-4869,SBS13,1402.0104201185
7316-4869,SBS17a,1433.02944768439
7316-4869,SBS19,4017.24090635625
7316-4869,SBS26,9597.44190337241
7316-4869,SBS30,2026.20586785978
7316-4869,SBS32,3976.14257326193
7316-4869,SBS33,4597.17049022868
7316-4869,SBS37,10818.9738344479
7316-4869,SBS39,5751.53370930757
7316-4869,SBS40,36820.067373363
7316-4869,SBS85,4781.74675277292
7316-4869,SBS87,3460.50642001636
7316-4869,SBS89,28224.7414229032
7316-4869,SBS91,2637.21486379926
7316-49,SBS1,7323.80275853441
7316-49,SBS5,33333.4078656544
7316-49,SBS6,7225.06039693202
7316-49,SBS7b,946.406774397875
7316-49,SBS8,8591.40337883685
7316-49,SBS10b,1580.48559384592
7316-49,SBS10d,2161.72016078363
7316-49,SBS13,820.842244193016
7316-49,SBS17a,1574.24072823637
7316-49,SBS19,3824.68937977305
7316-49,SBS26,9521.13025039409
7316-49,SBS30,3178.92152014484
7316-49,SBS32,3237.46321062646
7316-49,SBS33,4604.73519035192
7316-49,SBS37,11704.0842551586
7316-49,SBS39,6769.18435788956
7316-49,SBS40,35027.3481417073
7316-49,SBS85,5088.55053188594
7316-49,SBS87,3475.01659720744
7316-49,SBS89,28741.9542056157
7316-49,SBS91,2450.65489833832
7316-5226,SBS1,7054.8784853472
7316-5226,SBS5,31392.4429528059
7316-5226,SBS6,7799.34441822571
7316-5226,SBS7b,1901.64408824377
7316-5226,SBS8,9176.09708735476
7316-5226,SBS9,353.088959507792
7316-5226,SBS10b,1549.12521304693
7316-5226,SBS10d,1038.25110731869
7316-5226,SBS13,861.689886552961
7316-5226,SBS17a,1680.133544085
7316-5226,SBS19,3934.75718382708
7316-5226,SBS26,10720.8415405303
7316-5226,SBS30,1651.3017444195
7316-5226,SBS32,3764.44722677043
7316-5226,SBS33,4642.00423094467
7316-5226,SBS34,186.689435997935
7316-5226,SBS37,10713.481477787
7316-5226,SBS39,7788.53739626258
7316-5226,SBS40,38205.194425759
7316-5226,SBS85,3133.60807084487
7316-5226,SBS87,4323.86606959153
7316-5226,SBS89,25081.5798997653
7316-5226,SBS91,1834.06939956247
7316-5227,SBS1,6869.23740076594
7316-5227,SBS5,33029.0467047407
7316-5227,SBS6,7542.05954430748
7316-5227,SBS7b,1483.11868988714
7316-5227,SBS8,9105.52299791706
7316-5227,SBS10b,1269.70646294615
7316-5227,SBS10d,3705.46473678829
7316-5227,SBS13,1106.67430263033
7316-5227,SBS17a,1845.51819179464
7316-5227,SBS19,3907.5724369243
7316-5227,SBS26,10006.3152988737
7316-5227,SBS30,1696.1801898531
7316-5227,SBS32,3783.05292899255
7316-5227,SBS33,4666.82157801078
7316-5227,SBS37,11361.5183751082
7316-5227,SBS39,5900.09160251941
7316-5227,SBS40,37543.0428651599
7316-5227,SBS84,329.365885325038
7316-5227,SBS85,4905.69273502281
7316-5227,SBS87,3729.06216810758
7316-5227,SBS89,31651.6660699476
7316-5227,SBS91,4063.68686789041
7316-5271,SBS1,7303.3815180482
7316-5271,SBS5,24433.8946142064
7316-5271,SBS6,7769.78962855955
7316-5271,SBS7b,2418.9218911657
7316-5271,SBS8,7765.9699156976
7316-5271,SBS10b,581.077010655021
7316-5271,SBS10d,5270.41081966336
7316-5271,SBS13,949.385685184098
7316-5271,SBS17a,1561.70453208753
7316-5271,SBS19,3364.42664435827
7316-5271,SBS26,11875.823047385
7316-5271,SBS30,643.571128611343
7316-5271,SBS32,3757.11480449348
7316-5271,SBS33,4436.49717436218
7316-5271,SBS37,9769.78239918355
7316-5271,SBS39,3429.8384161432
7316-5271,SBS40,44648.1051169917
7316-5271,SBS84,642.881811602186
7316-5271,SBS85,4613.61258158506
7316-5271,SBS87,4075.46044130894
7316-5271,SBS89,32359.7160700663
7316-5271,SBS91,5569.15501220448
7316-5297,SBS1,7778.44563146821
7316-5297,SBS5,31627.24026012
7316-5297,SBS6,8442.50270997641
7316-5297,SBS7b,2394.6687100337
7316-5297,SBS8,9518.50759960697
7316-5297,SBS10b,1261.64298265965
7316-5297,SBS10d,4624.34804815746
7316-5297,SBS13,1247.25330833845
7316-5297,SBS17a,1452.36009208018
7316-5297,SBS19,3835.13618998678
7316-5297,SBS26,11739.03038928
7316-5297,SBS30,847.610909132437
7316-5297,SBS32,4618.69955529774
7316-5297,SBS33,4975.12901283734
7316-5297,SBS37,10764.3482593509
7316-5297,SBS39,5759.27360904231
7316-5297,SBS40,43623.4259303368
7316-5297,SBS85,5016.87458144357
7316-5297,SBS87,3568.382327496
7316-5297,SBS89,32311.6987566381
7316-5297,SBS91,5079.46944805195
7316-5299,SBS1,7222.13618360784
7316-5299,SBS5,26156.4558397818
7316-5299,SBS6,7430.39891753621
7316-5299,SBS7b,2549.30021190139
7316-5299,SBS8,8576.88535765381
7316-5299,SBS10b,834.60638321078
7316-5299,SBS10d,6526.78317982674
7316-5299,SBS12,360.361872599004
7316-5299,SBS13,998.64005939362
7316-5299,SBS17a,1375.37609783547
7316-5299,SBS19,2561.21803127661
7316-5299,SBS26,10297.5673092668
7316-5299,SBS30,338.614463777744
7316-5299,SBS32,3291.82780932234
7316-5299,SBS33,4201.93939423306
7316-5299,SBS37,9502.30777942591
7316-5299,SBS39,2696.02735790195
7316-5299,SBS40,44027.5230763921
7316-5299,SBS84,855.104849177946
7316-5299,SBS85,3931.1803577857
7316-5299,SBS87,4074.98246627248
7316-5299,SBS89,31815.8292302175
7316-5299,SBS91,6030.46694108835
7316-5318,SBS1,7271.22404928764
7316-5318,SBS5,29604.9501779441
7316-5318,SBS6,8335.74312334343
7316-5318,SBS7b,3050.59979833232
7316-5318,SBS8,9284.09496886047
7316-5318,SBS10b,298.562016796006
7316-5318,SBS10d,6119.95478838477
7316-5318,SBS13,1346.14724813479
7316-5318,SBS17a,1465.32178042219
7316-5318,SBS19,3615.23785120505
7316-5318,SBS22,73.4640367321514
7316-5318,SBS26,11777.3158630869
7316-5318,SBS32,4638.27586421637
7316-5318,SBS33,4644.11386188794
7316-5318,SBS37,10766.3497329458
7316-5318,SBS39,5352.0227043178
7316-5318,SBS40,43262.8681366008
7316-5318,SBS85,5183.75086481573
7316-5318,SBS87,4110.02908450383
7316-5318,SBS89,31473.5280052421
7316-5318,SBS91,6607.9776400523
7316-5323,SBS1,7526.0908533466
7316-5323,SBS5,32113.7117675471
7316-5323,SBS6,7539.73433359105
7316-5323,SBS7b,1479.23666070888
7316-5323,SBS8,9758.22258713625
7316-5323,SBS10b,1159.68908450132
7316-5323,SBS10d,3505.64319551292
7316-5323,SBS13,1105.60075982202
7316-5323,SBS17a,1637.48442608053
7316-5323,SBS19,4083.04290425756
7316-5323,SBS26,11005.6651272327
7316-5323,SBS30,2272.66764610537
7316-5323,SBS32,3941.00113834341
7316-5323,SBS33,4527.68180229274
7316-5323,SBS37,11938.5606341376
7316-5323,SBS39,6554.66936122928
7316-5323,SBS40,37214.2918941892
7316-5323,SBS85,4811.99235792326
7316-5323,SBS87,3881.05698082285
7316-5323,SBS89,30136.5323655539
7316-5323,SBS91,3445.96173158131
7316-5328,SBS1,8059.4167755483
7316-5328,SBS5,40141.6117852868
7316-5328,SBS6,8147.90112911036
7316-5328,SBS7b,448.792278777122
7316-5328,SBS8,9118.18417432526
7316-5328,SBS9,8.73318590822384
7316-5328,SBS10b,1571.63792094203
7316-5328,SBS10d,1641.17703529681
7316-5328,SBS13,1029.24148722641
7316-5328,SBS17a,1710.17498847721
7316-5328,SBS19,4399.75224767339
7316-5328,SBS26,10556.7889598593
7316-5328,SBS30,3017.13589174947
7316-5328,SBS32,3796.40721640759
7316-5328,SBS33,5183.00209031555
7316-5328,SBS37,11585.0925294871
7316-5328,SBS39,6921.23617564189
7316-5328,SBS40,36642.9498459351
7316-5328,SBS85,5627.55197397632
7316-5328,SBS87,4260.88148352142
7316-5328,SBS89,29435.8133440336
7316-5328,SBS91,2034.34245821313
7316-5450,SBS1,6627.09539195625
7316-5450,SBS5,23368.9413621051
7316-5450,SBS6,8046.48694786293
7316-5450,SBS7b,2718.42887753065
7316-5450,SBS8,7508.88338736363
7316-5450,SBS10b,492.1822878586
7316-5450,SBS10d,6670.07501768927
7316-5450,SBS13,1304.27432620116
7316-5450,SBS17a,1284.53457891455
7316-5450,SBS19,3092.99842275496
7316-5450,SBS26,10599.4830300691
7316-5450,SBS32,4229.80972920766
7316-5450,SBS33,4105.63104873049
7316-5450,SBS37,10602.1196180238
7316-5450,SBS39,3229.52997370712
7316-5450,SBS40,45074.1226276215
7316-5450,SBS84,241.420652970024
7316-5450,SBS85,4329.98461342339
7316-5450,SBS87,4604.36372859067
7316-5450,SBS89,31099.3324232797
7316-5450,SBS91,6749.09642660326
7316-5472,SBS1,7168.99675099765
7316-5472,SBS5,32155.4631223959
7316-5472,SBS6,7745.81327593913
7316-5472,SBS7b,2233.90911472322
7316-5472,SBS8,8133.40196644856
7316-5472,SBS10b,857.327182394788
7316-5472,SBS10d,3513.02921250288
7316-5472,SBS13,789.477939751827
7316-5472,SBS17a,1710.58481942241
7316-5472,SBS19,3511.26255982801
7316-5472,SBS26,10208.9502317559
7316-5472,SBS30,981.278588376775
7316-5472,SBS32,3848.53036101641
7316-5472,SBS33,4540.57903134936
7316-5472,SBS37,9677.19915036189
7316-5472,SBS39,5235.42033411717
7316-5472,SBS40,39202.4198757707
7316-5472,SBS85,4902.92056305006
7316-5472,SBS87,3451.74102735783
7316-5472,SBS89,30547.1964793118
7316-5472,SBS91,3435.75474850872
7316-5479,SBS1,7032.49345504824
7316-5479,SBS5,27219.5825216553
7316-5479,SBS6,7674.16383305244
7316-5479,SBS7b,2750.30770832189
7316-5479,SBS8,7054.51053538206
7316-5479,SBS10b,512.735985589118
7316-5479,SBS10d,5287.69415978231
7316-5479,SBS13,1254.5001379241
7316-5479,SBS17a,1522.64248528414
7316-5479,SBS19,3104.18404712857
7316-5479,SBS26,10947.3747315081
7316-5479,SBS32,4185.79666007899
7316-5479,SBS33,4626.31575183232
7316-5479,SBS37,9274.92500592258
7316-5479,SBS39,4539.88029160645
7316-5479,SBS40,44938.1299430106
7316-5479,SBS84,171.230079349445
7316-5479,SBS85,4766.02669239321
7316-5479,SBS87,3487.45907219524
7316-5479,SBS89,29951.6770795635
7316-5479,SBS91,6181.41833277876
7316-599,SBS1,7527.87648543747
7316-599,SBS5,30858.7393335367
7316-599,SBS6,7377.50283615978
7316-599,SBS7b,2047.18119395838
7316-599,SBS8,8298.71127045328
7316-599,SBS10b,1075.27172775392
7316-599,SBS10d,3135.17057725895
7316-599,SBS13,1188.73550904024
7316-599,SBS17a,1588.66049916724
7316-599,SBS19,4040.96783296951
7316-599,SBS26,11239.2412746227
7316-599,SBS30,1755.52774475355
7316-599,SBS32,4146.25989823039
7316-599,SBS33,4735.08494578486
7316-599,SBS37,11760.3248827374
7316-599,SBS39,6881.25443412766
7316-599,SBS40,39202.2027371894
7316-599,SBS85,4779.77607763236
7316-599,SBS87,3443.20750288929
7316-599,SBS89,31671.4374035237
7316-599,SBS91,3536.13042727289
7316-6041,SBS1,7258.48899918684
7316-6041,SBS5,30597.0317438867
7316-6041,SBS6,7910.86423114822
7316-6041,SBS7b,2015.11250551513
7316-6041,SBS8,9087.8579949586
7316-6041,SBS10b,1085.29548427307
7316-6041,SBS10d,3872.66398376117
7316-6041,SBS13,1093.28720364507
7316-6041,SBS17a,1505.9928251679
7316-6041,SBS19,3481.70824709206
7316-6041,SBS26,10764.8807709978
7316-6041,SBS30,977.558802241939
7316-6041,SBS32,4140.18451994452
7316-6041,SBS33,4717.67141834459
7316-6041,SBS37,11188.6650078286
7316-6041,SBS39,5955.88197071308
7316-6041,SBS40,42797.5018144552
7316-6041,SBS84,471.834554535423
7316-6041,SBS85,4700.3151741862
7316-6041,SBS87,3609.75633153404
7316-6041,SBS89,30408.6780980041
7316-6041,SBS91,4198.8112544797
7316-6079,SBS1,7126.7634688032
7316-6079,SBS5,24808.7079403456
7316-6079,SBS6,7235.38474007363
7316-6079,SBS7b,2922.27434701068
7316-6079,SBS8,9223.42282760392
7316-6079,SBS10b,603.000885857396
7316-6079,SBS10d,5484.78075855924
7316-6079,SBS13,1228.33324287819
7316-6079,SBS17a,1486.66428366167
7316-6079,SBS19,3438.63528423477
7316-6079,SBS26,11277.1430836204
7316-6079,SBS32,4145.94687020963
7316-6079,SBS33,4378.13998114684
7316-6079,SBS37,10917.828132077
7316-6079,SBS39,5562.81240705049
7316-6079,SBS40,42061.7705361496
7316-6079,SBS84,583.946156931578
7316-6079,SBS85,4222.81987663002
7316-6079,SBS87,3845.98985936063
7316-6079,SBS89,30834.9958301249
7316-6079,SBS91,5934.28181128069
7316-6235,SBS1,7966.70594954691
7316-6235,SBS5,39081.1967937832
7316-6235,SBS6,7524.2252260402
7316-6235,SBS7b,401.338005624721
7316-6235,SBS8,9834.46310487939
7316-6235,SBS9,53.1573216805305
7316-6235,SBS10b,1246.66016129317
7316-6235,SBS10d,1962.4855334906
7316-6235,SBS13,1204.37675552955
7316-6235,SBS17a,1655.11021803306
7316-6235,SBS19,4972.26720644053
7316-6235,SBS26,9947.27234590413
7316-6235,SBS30,3171.44948346872
7316-6235,SBS32,3913.46687049394
7316-6235,SBS33,4935.36441127879
7316-6235,SBS37,11604.9093034343
7316-6235,SBS39,8030.68619846576
7316-6235,SBS40,35175.9988900996
7316-6235,SBS85,4999.69021034471
7316-6235,SBS87,3062.48884973686
7316-6235,SBS89,26427.6469345498
7316-6235,SBS91,1759.63482671783
7316-6244,SBS1,7453.59395413217
7316-6244,SBS5,35066.2071961604
7316-6244,SBS6,6775.57877369839
7316-6244,SBS7b,1199.30299679292
7316-6244,SBS8,7754.479796165
7316-6244,SBS10b,1466.23744953831
7316-6244,SBS10d,1481.11791355584
7316-6244,SBS13,848.859719114918
7316-6244,SBS17a,1446.40280465534
7316-6244,SBS19,3862.14396826834
7316-6244,SBS26,9327.84584463692
7316-6244,SBS30,2016.98568872194
7316-6244,SBS32,4012.01890789131
7316-6244,SBS33,4429.78740822873
7316-6244,SBS37,10269.7803282257
7316-6244,SBS39,6148.21380491966
7316-6244,SBS40,36381.6888661153
7316-6244,SBS85,4623.50544055131
7316-6244,SBS87,3396.20128061668
7316-6244,SBS89,27683.6954214797
7316-6244,SBS91,1479.26589483348
7316-6247,SBS1,6893.98335345065
7316-6247,SBS5,35873.5723456168
7316-6247,SBS6,7001.55865442489
7316-6247,SBS7b,999.587582043627
7316-6247,SBS8,9844.91392227331
7316-6247,SBS10b,1397.53575749975
7316-6247,SBS10d,1596.39790981714
7316-6247,SBS13,933.046373026126
7316-6247,SBS17a,1396.15324369317
7316-6247,SBS19,3607.87695318861
7316-6247,SBS26,9222.49045302355
7316-6247,SBS30,2788.05187005693
7316-6247,SBS32,3190.35311624392
7316-6247,SBS33,4436.5548334384
7316-6247,SBS34,74.9777931695635
7316-6247,SBS37,10676.6569674145
7316-6247,SBS39,7079.21532645183
7316-6247,SBS40,28367.4963431653
7316-6247,SBS85,3872.70938138334
7316-6247,SBS87,3381.2716433598
7316-6247,SBS89,25071.0012650273
7316-6247,SBS91,1482.1907547623
7316-6248,SBS1,7233.92869115479
7316-6248,SBS5,36029.1157975171
7316-6248,SBS6,7070.64134457341
7316-6248,SBS7b,980.086308388107
7316-6248,SBS8,8810.95473362576
7316-6248,SBS10b,1289.97556332193
7316-6248,SBS10d,1297.97652451664
7316-6248,SBS13,508.093088714263
7316-6248,SBS17a,1537.92456745687
7316-6248,SBS19,4105.35661810597
7316-6248,SBS24,114.126383816988
7316-6248,SBS26,10290.1351488536
7316-6248,SBS30,2334.03852903398
7316-6248,SBS32,4161.39111296674
7316-6248,SBS33,4620.54501166416
7316-6248,SBS37,11127.8826166434
7316-6248,SBS39,8205.77179312768
7316-6248,SBS40,35015.5202180527
7316-6248,SBS85,4350.02623780217
7316-6248,SBS87,3683.34288457745
7316-6248,SBS89,26426.511317545
7316-6248,SBS91,1758.73202080992
7316-6251,SBS1,7722.1953536266
7316-6251,SBS5,32689.0237926578
7316-6251,SBS6,6732.27655745166
7316-6251,SBS7b,984.213457565144
7316-6251,SBS8,11078.6631238301
7316-6251,SBS10b,1511.79299413983
7316-6251,SBS10d,1705.86967411545
7316-6251,SBS13,799.943462073052
7316-6251,SBS17a,1538.37575516878
7316-6251,SBS19,4544.23305680003
7316-6251,SBS26,10954.0104459526
7316-6251,SBS30,3785.70009049464
7316-6251,SBS32,4033.32709200726
7316-6251,SBS33,4800.99981872316
7316-6251,SBS34,34.2472501931255
7316-6251,SBS37,12332.7479552961
7316-6251,SBS39,8293.78577538182
7316-6251,SBS40,36972.6770380795
7316-6251,SBS84,54.8237213514553
7316-6251,SBS85,4390.46846067567
7316-6251,SBS87,3874.31148037583
7316-6251,SBS89,27568.0049491011
7316-6251,SBS91,2306.27499164108
7316-6259,SBS1,7648.10588794178
7316-6259,SBS5,32032.8670721144
7316-6259,SBS6,6844.44796713924
7316-6259,SBS7b,986.701290893603
7316-6259,SBS8,9523.37244229741
7316-6259,SBS10b,1468.25098107972
7316-6259,SBS10d,2624.67586058602
7316-6259,SBS13,900.707110709959
7316-6259,SBS17a,1283.06911978895
7316-6259,SBS19,4070.43068046963
7316-6259,SBS26,9760.6899913962
7316-6259,SBS30,2734.11047397929
7316-6259,SBS32,3360.08459119582
7316-6259,SBS33,4457.51110181304
7316-6259,SBS37,11203.5632713902
7316-6259,SBS39,6245.25857051894
7316-6259,SBS40,37507.364733987
7316-6259,SBS85,4355.29730416427
7316-6259,SBS87,3151.94957612681
7316-6259,SBS89,27690.3531212598
7316-6259,SBS91,2371.74061215426
7316-6261,SBS1,7807.20147821505
7316-6261,SBS5,32744.0854098723
7316-6261,SBS6,6776.23502857319
7316-6261,SBS7b,1245.70241608522
7316-6261,SBS8,9102.19207765809
7316-6261,SBS10b,1219.68539236179
7316-6261,SBS10d,2588.53538485893
7316-6261,SBS13,1003.15427719572
7316-6261,SBS17a,1319.05480883143
7316-6261,SBS19,3633.05945088848
7316-6261,SBS26,9665.68674948043
7316-6261,SBS30,2313.61125662966
7316-6261,SBS32,4020.54506264966
7316-6261,SBS33,4713.50263688544
7316-6261,SBS37,10438.8160083081
7316-6261,SBS39,6030.55624685314
7316-6261,SBS40,37136.6211387592
7316-6261,SBS85,4582.20210403022
7316-6261,SBS87,3035.39347167403
7316-6261,SBS89,27959.6417493563
7316-6261,SBS91,2618.51081395088
7316-6274,SBS1,7097.60517897886
7316-6274,SBS5,32368.2073627306
7316-6274,SBS6,7859.24194116475
7316-6274,SBS7b,2076.25036027626
7316-6274,SBS8,11315.9546677572
7316-6274,SBS10b,1104.89831160284
7316-6274,SBS10d,3833.44353311879
7316-6274,SBS13,1357.56874236996
7316-6274,SBS17a,1695.60930447143
7316-6274,SBS19,3808.43075669955
7316-6274,SBS26,10171.5614199429
7316-6274,SBS30,733.699139255948
7316-6274,SBS32,4442.59631776186
7316-6274,SBS33,4865.74637776173
7316-6274,SBS34,6.67747978843278
7316-6274,SBS37,10113.002929223
7316-6274,SBS39,5240.46105453064
7316-6274,SBS40,40757.7134010174
7316-6274,SBS85,4558.01587657672
7316-6274,SBS87,3397.27539276582
7316-6274,SBS89,29865.812033495
7316-6274,SBS91,3506.06800252971
7316-6275,SBS1,8321.26623994469
7316-6275,SBS5,32000.3331614485
7316-6275,SBS6,7519.35517257763
7316-6275,SBS7b,1090.35669213954
7316-6275,SBS8,10840.4082075009
7316-6275,SBS10b,1055.92805116354
7316-6275,SBS10d,3566.78848869173
7316-6275,SBS13,1500.09077013031
7316-6275,SBS17a,1578.86557291409
7316-6275,SBS19,4489.78651413323
7316-6275,SBS26,11076.7679415962
7316-6275,SBS30,3288.97212579657
7316-6275,SBS32,4647.0986125765
7316-6275,SBS33,5009.06800314396
7316-6275,SBS37,14254.6659304599
7316-6275,SBS39,8209.51318140459
7316-6275,SBS40,40751.565771547
7316-6275,SBS84,417.817968129417
7316-6275,SBS85,5339.90479791821
7316-6275,SBS87,3738.12087192836
7316-6275,SBS89,28748.3882066661
7316-6275,SBS91,3678.44986353185
7316-6290,SBS1,7507.80743197851
7316-6290,SBS5,32560.2412265602
7316-6290,SBS6,7718.34657549394
7316-6290,SBS7b,2205.28031405755
7316-6290,SBS8,8191.96310677817
7316-6290,SBS10b,1148.86225222621
7316-6290,SBS10d,3871.90239789534
7316-6290,SBS13,1011.66786704311
7316-6290,SBS17a,1494.25596511214
7316-6290,SBS19,3352.94478553549
7316-6290,SBS26,11485.8806175287
7316-6290,SBS30,1080.45105505281
7316-6290,SBS32,4148.98191186164
7316-6290,SBS33,5032.16714369417
7316-6290,SBS37,9735.31458683297
7316-6290,SBS39,5235.28663016722
7316-6290,SBS40,44178.851770322
7316-6290,SBS85,4797.67956181359
7316-6290,SBS87,3875.14899381944
7316-6290,SBS89,29948.1559353303
7316-6290,SBS91,4572.78085245803
7316-6535,SBS1,7735.43458682297
7316-6535,SBS5,36481.6016912493
7316-6535,SBS6,7555.27873995719
7316-6535,SBS7b,1315.9751637441
7316-6535,SBS8,11454.5380299841
7316-6535,SBS10b,1502.25486142699
7316-6535,SBS10d,2640.36846000618
7316-6535,SBS13,1196.7750565546
7316-6535,SBS17a,1808.57717020882
7316-6535,SBS19,4471.89587999015
7316-6535,SBS26,9890.66747251399
7316-6535,SBS30,3367.64639568689
7316-6535,SBS32,4265.48657901007
7316-6535,SBS33,5255.43394519033
7316-6535,SBS34,81.0514076834503
7316-6535,SBS37,13465.5557777895
7316-6535,SBS39,8063.25127791144
7316-6535,SBS40,36625.7912565198
7316-6535,SBS84,108.19170468209
7316-6535,SBS85,4868.39905158074
7316-6535,SBS87,3993.52372950433
7316-6535,SBS89,29133.3374421148
7316-6535,SBS91,2545.6366883135
7316-6574,SBS1,7351.8303742323
7316-6574,SBS5,31349.8234652138
7316-6574,SBS6,7746.57855778067
7316-6574,SBS7b,2266.93363380979
7316-6574,SBS8,10322.0121095028
7316-6574,SBS10b,1191.4494961111
7316-6574,SBS10d,3492.74548411534
7316-6574,SBS13,1240.22615641182
7316-6574,SBS17a,1607.13390198521
7316-6574,SBS19,3868.11994450477
7316-6574,SBS26,10333.6698276077
7316-6574,SBS30,943.930678867521
7316-6574,SBS32,4403.77680359389
7316-6574,SBS33,4628.88348604498
7316-6574,SBS37,10842.8934305995
7316-6574,SBS39,6866.11722145693
7316-6574,SBS40,40075.3712005893
7316-6574,SBS85,4440.92778352922
7316-6574,SBS87,3519.61091990631
7316-6574,SBS89,27080.6238499634
7316-6574,SBS91,3570.51271697543
7316-6645,SBS1,7258.44775236327
7316-6645,SBS5,23565.6606295099
7316-6645,SBS6,8540.65397676814
7316-6645,SBS7b,2702.71196941786
7316-6645,SBS8,9814.90991954108
7316-6645,SBS10b,738.91635387807
7316-6645,SBS10d,5526.40874565296
7316-6645,SBS13,1181.57778453804
7316-6645,SBS17a,1249.95601825549
7316-6645,SBS19,3569.4084901806
7316-6645,SBS26,11423.8964940454
7316-6645,SBS32,4333.86271571673
7316-6645,SBS33,4656.42525874695
7316-6645,SBS37,11057.0904458096
7316-6645,SBS39,4150.9487527616
7316-6645,SBS40,47636.2106333194
7316-6645,SBS84,297.11223907238
7316-6645,SBS85,4503.2246701531
7316-6645,SBS87,4265.18629676783
7316-6645,SBS89,30436.2781402186
7316-6645,SBS91,5841.04570664821
7316-6665,SBS1,8260.27457196814
7316-6665,SBS5,39012.9069218136
7316-6665,SBS6,7348.66576682848
7316-6665,SBS8,9105.27752107084
7316-6665,SBS10b,1708.37491643205
7316-6665,SBS10d,2525.67108212746
7316-6665,SBS13,1120.41868936972
7316-6665,SBS17a,1667.3333385038
7316-6665,SBS19,4688.63081034764
7316-6665,SBS26,10563.4439621081
7316-6665,SBS30,3935.44392328802
7316-6665,SBS32,3938.96176992671
7316-6665,SBS33,5370.9181832216
7316-6665,SBS37,10794.561021283
7316-6665,SBS39,5509.90179023091
7316-6665,SBS40,37407.6688533691
7316-6665,SBS85,5755.5218904754
7316-6665,SBS87,3763.30131107607
7316-6665,SBS89,30843.6208597993
7316-6665,SBS91,2925.16627962341
7316-6761,SBS1,6815.05951931484
7316-6761,SBS5,28409.1632882612
7316-6761,SBS6,6977.63640419683
7316-6761,SBS7b,1265.0891260538
7316-6761,SBS8,7817.27827300217
7316-6761,SBS10b,1476.42300135505
7316-6761,SBS10d,2674.26061201475
7316-6761,SBS13,829.712765333686
7316-6761,SBS17a,1541.17949580441
7316-6761,SBS17b,14.5627131482168
7316-6761,SBS19,3820.10645861443
7316-6761,SBS26,8640.7284481767
7316-6761,SBS30,1386.30013910986
7316-6761,SBS32,3883.33267761662
7316-6761,SBS33,4277.67623460597
7316-6761,SBS37,11389.5958060423
7316-6761,SBS39,5419.19064680881
7316-6761,SBS40,38683.0068120526
7316-6761,SBS85,4352.06917025263
7316-6761,SBS87,2794.99679064581
7316-6761,SBS89,28870.9853900022
7316-6761,SBS91,2564.32707009855
7316-6773,SBS1,8212.20814818583
7316-6773,SBS5,32279.8900138144
7316-6773,SBS6,6661.96506232164
7316-6773,SBS7b,1573.99832094756
7316-6773,SBS8,10931.0707775617
7316-6773,SBS10b,1333.04573249423
7316-6773,SBS10d,3310.53526656218
7316-6773,SBS13,1265.76488143017
7316-6773,SBS17a,1487.26941888842
7316-6773,SBS19,3908.56877522485
7316-6773,SBS26,10054.5161469512
7316-6773,SBS30,2045.03781962378
7316-6773,SBS32,4490.29485428113
7316-6773,SBS33,4793.01319297942
7316-6773,SBS37,11899.5552635639
7316-6773,SBS39,4331.11113077266
7316-6773,SBS40,40685.142535186
7316-6773,SBS85,4955.10936178255
7316-6773,SBS87,3240.62074686363
7316-6773,SBS89,28463.2467283021
7316-6773,SBS91,3388.47628038728
7316-6791,SBS1,8029.07312856697
7316-6791,SBS5,36155.1210311523
7316-6791,SBS6,7224.38742504625
7316-6791,SBS7b,1509.77492004598
7316-6791,SBS8,10390.1241838133
7316-6791,SBS10b,1039.80321251019
7316-6791,SBS10d,2837.61558790041
7316-6791,SBS13,993.214341005469
7316-6791,SBS17a,1565.42073106424
7316-6791,SBS19,4423.67167258648
7316-6791,SBS26,10773.6775886893
7316-6791,SBS30,2309.05888539574
7316-6791,SBS32,4825.2466320386
7316-6791,SBS33,4876.24848515267
7316-6791,SBS37,12158.7658748478
7316-6791,SBS39,5735.10731243666
7316-6791,SBS40,39220.766485353
7316-6791,SBS85,4717.46809844531
7316-6791,SBS87,3805.51273872798
7316-6791,SBS89,28956.0415296619
7316-6791,SBS91,3056.10824592957
7316-6807,SBS1,7717.20401912958
7316-6807,SBS5,38717.0113401106
7316-6807,SBS6,7789.07239852087
7316-6807,SBS7b,699.962233742749
7316-6807,SBS8,11578.659575845
7316-6807,SBS9,262.956616768571
7316-6807,SBS10b,1389.69666200729
7316-6807,SBS10d,2061.17575300427
7316-6807,SBS13,1241.98030184383
7316-6807,SBS17a,1735.27365689673
7316-6807,SBS17b,84.3000233230266
7316-6807,SBS19,4897.15584038506
7316-6807,SBS26,10793.6976450328
7316-6807,SBS30,3840.69490522077
7316-6807,SBS32,3743.25301606138
7316-6807,SBS33,5092.25870910641
7316-6807,SBS37,12457.5524948593
7316-6807,SBS39,9338.23430522087
7316-6807,SBS40,33273.9055410844
7316-6807,SBS85,4737.98490366825
7316-6807,SBS87,3805.12463748023
7316-6807,SBS89,28019.2838087026
7316-6807,SBS91,1757.59564899272
7316-6813,SBS1,7173.84163860224
7316-6813,SBS5,27150.9240739009
7316-6813,SBS6,8473.43288353562
7316-6813,SBS7b,2154.94390134025
7316-6813,SBS8,9273.8590107224
7316-6813,SBS10b,867.211118366927
7316-6813,SBS10d,4987.8155006627
7316-6813,SBS13,1130.56685795203
7316-6813,SBS17a,1525.63249379393
7316-6813,SBS19,4026.89856724923
7316-6813,SBS26,10994.2135170747
7316-6813,SBS30,1153.12477181753
7316-6813,SBS32,3658.11778981788
7316-6813,SBS33,4464.48327446169
7316-6813,SBS37,10775.0964864138
7316-6813,SBS39,5106.50447159992
7316-6813,SBS40,40884.8524043881
7316-6813,SBS85,4595.89032902497
7316-6813,SBS87,4074.93399780126
7316-6813,SBS89,30489.9962160509
7316-6813,SBS91,4812.01448087471
7316-6982,SBS1,8112.5933671134
7316-6982,SBS5,37324.8174712782
7316-6982,SBS6,7877.54644700725
7316-6982,SBS7b,1335.37279806814
7316-6982,SBS8,11551.4774128789
7316-6982,SBS10b,1423.41390414517
7316-6982,SBS10d,2332.09625807837
7316-6982,SBS13,1477.37331111824
7316-6982,SBS17a,1631.01092561159
7316-6982,SBS19,4700.86707088773
7316-6982,SBS26,10324.3784257178
7316-6982,SBS30,2521.9711188678
7316-6982,SBS32,4408.90007460886
7316-6982,SBS33,5280.97235074359
7316-6982,SBS37,12039.3071489309
7316-6982,SBS39,8103.20521976617
7316-6982,SBS40,36799.7187935622
7316-6982,SBS85,5161.96361627389
7316-6982,SBS87,3593.98291441121
7316-6982,SBS89,26958.6578386677
7316-6982,SBS91,3047.27568244177
7316-6985,SBS1,7135.63034307107
7316-6985,SBS5,37251.0285174145
7316-6985,SBS6,7996.58693546286
7316-6985,SBS7b,1324.60869586548
7316-6985,SBS8,11010.263902588
7316-6985,SBS10b,1142.04849713186
7316-6985,SBS10d,2193.02235477362
7316-6985,SBS13,1442.97998581646
7316-6985,SBS17a,1521.11282584062
7316-6985,SBS19,4000.52728006348
7316-6985,SBS26,10761.3256139765
7316-6985,SBS30,2554.8964024115
7316-6985,SBS32,4234.28670423084
7316-6985,SBS33,4834.96879575353
7316-6985,SBS37,11732.9064194397
7316-6985,SBS39,6239.15594853834
7316-6985,SBS40,36812.7066952215
7316-6985,SBS85,4981.36360489655
7316-6985,SBS87,4261.64713655155
7316-6985,SBS89,27847.381090197
7316-6985,SBS91,2788.75218778106
7316-7075,SBS1,6817.89739338396
7316-7075,SBS5,27509.9678396885
7316-7075,SBS6,8247.08246373738
7316-7075,SBS7b,2123.94821959141
7316-7075,SBS8,10079.0355361362
7316-7075,SBS10b,819.806973871086
7316-7075,SBS10d,4398.84007438924
7316-7075,SBS13,1313.85772887729
7316-7075,SBS17a,1434.4277566038
7316-7075,SBS19,3653.02316201499
7316-7075,SBS26,10982.4751261302
7316-7075,SBS30,1399.75874697393
7316-7075,SBS32,4190.784608118
7316-7075,SBS33,4832.33756254635
7316-7075,SBS37,11349.8050728923
7316-7075,SBS39,5046.95671246346
7316-7075,SBS40,41623.8938475451
7316-7075,SBS84,246.831043495429
7316-7075,SBS85,4159.90996528837
7316-7075,SBS87,3886.84389473798
7316-7075,SBS89,28779.4241076439
7316-7075,SBS91,4432.33783288257
7316-7091,SBS1,7321.65650090195
7316-7091,SBS5,33157.2021951381
7316-7091,SBS6,6167.88684226705
7316-7091,SBS7b,545.74139112572
7316-7091,SBS8,9014.89996267549
7316-7091,SBS10b,1492.53901760813
7316-7091,SBS10d,1224.31668286008
7316-7091,SBS13,1001.97871261214
7316-7091,SBS17a,1551.55622757494
7316-7091,SBS19,4179.29008126113
7316-7091,SBS25,207.179922053463
7316-7091,SBS26,9003.05209963692
7316-7091,SBS30,3332.32765490579
7316-7091,SBS32,3136.29239940406
7316-7091,SBS33,4433.35029054305
7316-7091,SBS37,11626.8605558335
7316-7091,SBS39,6527.06623422886
7316-7091,SBS40,32754.4888871719
7316-7091,SBS85,4689.44514548682
7316-7091,SBS87,2777.19530160631
7316-7091,SBS89,26907.3436369073
7316-7091,SBS91,1541.3307213129
7316-7133,SBS1,7358.82503560426
7316-7133,SBS5,32899.8981093723
7316-7133,SBS6,8303.14422636583
7316-7133,SBS7b,2472.52646768693
7316-7133,SBS8,8661.4092775454
7316-7133,SBS10b,1161.77865501395
7316-7133,SBS10d,3751.26039919693
7316-7133,SBS13,836.969956112862
7316-7133,SBS17a,1718.2756970802
7316-7133,SBS19,3701.95022165072
7316-7133,SBS26,11641.1986918606
7316-7133,SBS30,595.503446536631
7316-7133,SBS32,3876.34492173408
7316-7133,SBS33,4933.31748119383
7316-7133,SBS37,9939.0883071098
7316-7133,SBS39,4963.16302724957
7316-7133,SBS40,42494.5344593465
7316-7133,SBS85,4605.39272910961
7316-7133,SBS87,3930.97867717179
7316-7133,SBS89,31995.6243456298
7316-7133,SBS91,4172.4654551004
7316-7498,SBS1,6849.04586006037
7316-7498,SBS5,29785.8772908641
7316-7498,SBS6,7357.38681675786
7316-7498,SBS7b,2227.30762983724
7316-7498,SBS8,8810.63240435892
7316-7498,SBS10b,933.17384305415
7316-7498,SBS10d,4177.15755051122
7316-7498,SBS13,1100.65526849205
7316-7498,SBS17a,1470.99739248271
7316-7498,SBS19,3188.13091937234
7316-7498,SBS26,10187.1585322211
7316-7498,SBS30,431.028700736482
7316-7498,SBS32,4057.03372180182
7316-7498,SBS33,4483.53698784959
7316-7498,SBS37,8954.93632666522
7316-7498,SBS39,3008.46518405037
7316-7498,SBS40,42269.1723251395
7316-7498,SBS85,4086.87236664529
7316-7498,SBS87,3592.51012046123
7316-7498,SBS89,29273.2734499662
7316-7498,SBS91,3521.59236572885
7316-7519,SBS1,7458.94619640706
7316-7519,SBS5,34055.9160121681
7316-7519,SBS6,7484.68979005227
7316-7519,SBS7b,855.753183107646
7316-7519,SBS8,11241.3821423939
7316-7519,SBS9,408.440034305853
7316-7519,SBS10b,1442.37947360866
7316-7519,SBS10d,2518.47704584458
7316-7519,SBS13,1072.22904242853
7316-7519,SBS17a,1367.48603385218
7316-7519,SBS19,4493.24353555533
7316-7519,SBS26,10988.3918134763
7316-7519,SBS30,3890.04064557248
7316-7519,SBS32,3602.12236764384
7316-7519,SBS33,5155.54939944491
7316-7519,SBS37,11225.2611438464
7316-7519,SBS39,8700.05758720305
7316-7519,SBS40,34731.8884188039
7316-7519,SBS85,4524.63851857998
7316-7519,SBS87,3137.9935229149
7316-7519,SBS89,24878.9170661377
7316-7519,SBS91,2036.55412347559
7316-7533,SBS1,8006.59106610629
7316-7533,SBS5,39230.3054574961
7316-7533,SBS6,7623.14292379682
7316-7533,SBS7b,863.65018560764
7316-7533,SBS8,10191.1805764153
7316-7533,SBS10b,1747.99404489452
7316-7533,SBS10d,1646.53920891109
7316-7533,SBS13,1043.10772930133
7316-7533,SBS17a,1879.69140943427
7316-7533,SBS19,4195.92122984794
7316-7533,SBS26,9731.10236605817
7316-7533,SBS30,3293.13308969304
7316-7533,SBS32,3769.07489515447
7316-7533,SBS33,5071.58077157051
7316-7533,SBS37,12254.8841073388
7316-7533,SBS39,7420.89406455051
7316-7533,SBS40,34944.959580722
7316-7533,SBS85,5504.15568554375
7316-7533,SBS87,3796.88356949889
7316-7533,SBS89,29711.3897276139
7316-7533,SBS91,1608.08452337273
7316-7542,SBS1,8436.00644944402
7316-7542,SBS5,45208.5096923759
7316-7542,SBS6,7092.38061752029
7316-7542,SBS7b,576.357686469283
7316-7542,SBS8,9286.13652103812
7316-7542,SBS9,212.552227097331
7316-7542,SBS10b,1499.14922470587
7316-7542,SBS10d,1018.1890948341
7316-7542,SBS13,919.565059121339
7316-7542,SBS17a,1723.42087213309
7316-7542,SBS19,4934.72658801955
7316-7542,SBS24,160.488445479489
7316-7542,SBS25,450.960938951403
7316-7542,SBS26,9959.03403081841
7316-7542,SBS30,3688.33801750853
7316-7542,SBS32,4047.0613481479
7316-7542,SBS33,5204.21090533353
7316-7542,SBS37,11291.6292114985
7316-7542,SBS39,8872.82635857625
7316-7542,SBS40,33521.63261806
7316-7542,SBS85,5656.65462029756
7316-7542,SBS87,3782.60480430926
7316-7542,SBS89,27865.3106993633
7316-7542,SBS91,1108.00801780558
7316-7756,SBS1,8133.47756005883
7316-7756,SBS5,35410.0247524286
7316-7756,SBS6,6901.37723011455
7316-7756,SBS7b,1804.12146642336
7316-7756,SBS8,8145.68150517596
7316-7756,SBS10b,1076.72863821315
7316-7756,SBS10d,3952.3298095568
7316-7756,SBS13,1210.78072282199
7316-7756,SBS17a,1770.34866525662
7316-7756,SBS19,4153.81732270809
7316-7756,SBS26,11127.8590626887
7316-7756,SBS30,814.228065169659
7316-7756,SBS32,4318.82779188993
7316-7756,SBS33,4619.10999294786
7316-7756,SBS37,10157.4407051691
7316-7756,SBS39,5969.19988664367
7316-7756,SBS40,41316.2123706247
7316-7756,SBS84,154.954453718501
7316-7756,SBS85,4811.78501951772
7316-7756,SBS87,4065.04196724985
7316-7756,SBS89,31618.9295516474
7316-7756,SBS91,4480.29904622698
7316-7758,SBS1,6738.42658932633
7316-7758,SBS5,27248.3497011988
7316-7758,SBS6,7785.03547430979
7316-7758,SBS7b,1645.55482411087
7316-7758,SBS8,10767.7919742332
7316-7758,SBS10b,1107.44048591089
7316-7758,SBS10d,3199.93639937769
7316-7758,SBS13,1089.08987017469
7316-7758,SBS17a,1400.18692246792
7316-7758,SBS19,3911.166006778
7316-7758,SBS26,10181.0984323513
7316-7758,SBS30,1578.78995320513
7316-7758,SBS32,3819.03679915567
7316-7758,SBS33,4652.46614119173
7316-7758,SBS37,11878.375754124
7316-7758,SBS39,6119.26120945645
7316-7758,SBS40,38822.4994898486
7316-7758,SBS85,4026.37160475327
7316-7758,SBS87,3808.30882032166
7316-7758,SBS89,29407.7690525649
7316-7758,SBS91,3457.4753856494
7316-7929,SBS1,7197.46428385822
7316-7929,SBS5,29322.3443268891
7316-7929,SBS6,8196.98433388163
7316-7929,SBS7b,1683.30710533244
7316-7929,SBS8,9694.30478659173
7316-7929,SBS10b,1289.31655781029
7316-7929,SBS10d,3807.10902155423
7316-7929,SBS13,1351.70104829402
7316-7929,SBS17a,1513.55595497959
7316-7929,SBS19,4115.20169942526
7316-7929,SBS26,11136.7754731792
7316-7929,SBS30,2152.65947966239
7316-7929,SBS32,4120.65327517821
7316-7929,SBS33,4752.54459119001
7316-7929,SBS37,11777.2477805719
7316-7929,SBS39,7204.34063955553
7316-7929,SBS40,39845.584204411
7316-7929,SBS84,221.74326550854
7316-7929,SBS85,4772.05781189668
7316-7929,SBS87,3592.44058433463
7316-7929,SBS89,28964.0938824945
7316-7929,SBS91,4353.06414603956
7316-8122,SBS1,6977.4504452795
7316-8122,SBS5,27515.1160829662
7316-8122,SBS6,6694.32222249098
7316-8122,SBS7b,1582.99746612308
7316-8122,SBS8,8469.01103906715
7316-8122,SBS10b,978.823267633154
7316-8122,SBS10d,3595.35136673233
7316-8122,SBS13,984.959167065605
7316-8122,SBS17a,1242.66733803118
7316-8122,SBS19,3767.67321789435
7316-8122,SBS26,10192.6645331961
7316-8122,SBS30,1633.9417102918
7316-8122,SBS32,4250.34426264281
7316-8122,SBS33,4301.89585618103
7316-8122,SBS37,11092.1084387207
7316-8122,SBS39,4665.44992527987
7316-8122,SBS40,40197.8196726426
7316-8122,SBS85,4477.40724268464
7316-8122,SBS87,3314.93123161012
7316-8122,SBS89,29780.7377419618
7316-8122,SBS91,3646.65306679276
7316-8130,SBS1,8971.48605563632
7316-8130,SBS5,42631.4971645251
7316-8130,SBS6,7513.50365971378
7316-8130,SBS7b,1230.58498691627
7316-8130,SBS8,10468.1478287105
7316-8130,SBS10b,1830.61186404971
7316-8130,SBS10d,2569.6585033525
7316-8130,SBS13,991.878010160505
7316-8130,SBS17a,1947.94068949474
7316-8130,SBS19,4926.76425446242
7316-8130,SBS26,10739.7337865252
7316-8130,SBS30,2243.32728400911
7316-8130,SBS32,4114.3971197302
7316-8130,SBS33,5682.3538935882
7316-8130,SBS37,11605.6974900248
7316-8130,SBS39,6736.70922365507
7316-8130,SBS40,39863.5293065945
7316-8130,SBS85,5852.54164687014
7316-8130,SBS87,4100.10857002256
7316-8130,SBS89,32055.9434900402
7316-8130,SBS91,2792.54433593051
7316-8734,SBS1,8358.49770422086
7316-8734,SBS5,42445.896622162
7316-8734,SBS6,7377.62061369022
7316-8734,SBS7b,1109.57061624179
7316-8734,SBS8,10338.4693022491
7316-8734,SBS10b,1644.93648941287
7316-8734,SBS10d,2252.47147946838
7316-8734,SBS13,932.268440164413
7316-8734,SBS17a,1580.51395756609
7316-8734,SBS19,4540.21756814732
7316-8734,SBS24,72.8229828919817
7316-8734,SBS26,9777.83492887844
7316-8734,SBS30,2749.45845529316
7316-8734,SBS32,3253.33266240606
7316-8734,SBS33,4917.11160879104
7316-8734,SBS37,11753.8642832114
7316-8734,SBS39,5706.09935228268
7316-8734,SBS40,33350.6047406858
7316-8734,SBS85,5157.16046046699
7316-8734,SBS87,4564.42915043336
7316-8734,SBS89,29260.6474973691
7316-8734,SBS91,2114.33287756591
7316-8829,SBS1,8586.83483269879
7316-8829,SBS5,39937.9761371755
7316-8829,SBS6,8418.67089194734
7316-8829,SBS7b,1602.88990796697
7316-8829,SBS8,10451.0224249345
7316-8829,SBS10b,1284.65081064422
7316-8829,SBS10d,3609.3124060483
7316-8829,SBS13,1080.27098706235
7316-8829,SBS17a,1576.83318897853
7316-8829,SBS19,4200.71153999007
7316-8829,SBS26,11754.6488936823
7316-8829,SBS29,91.7315097133411
7316-8829,SBS30,1858.42881686508
7316-8829,SBS32,4897.2216298009
7316-8829,SBS33,5039.76810361428
7316-8829,SBS37,10691.0859224012
7316-8829,SBS39,4428.14080278724
7316-8829,SBS40,40239.8674347902
7316-8829,SBS85,5262.68468472694
7316-8829,SBS87,4137.74535838916
7316-8829,SBS89,31514.1523200499
7316-8829,SBS91,3051.4716851026
7316-8832,SBS1,7955.70419403936
7316-8832,SBS5,33711.4009271687
7316-8832,SBS6,8122.18714131803
7316-8832,SBS7b,1790.58205838554
7316-8832,SBS8,9258.74187529738
7316-8832,SBS10b,923.963677170623
7316-8832,SBS10d,3213.15585706475
7316-8832,SBS13,1265.77395372802
7316-8832,SBS17a,1680.45920610883
7316-8832,SBS19,4203.97176009147
7316-8832,SBS26,10943.4233434957
7316-8832,SBS30,2034.07618997129
7316-8832,SBS32,4082.34572480033
7316-8832,SBS33,4676.49125840567
7316-8832,SBS37,13047.0707136481
7316-8832,SBS39,6853.08641287453
7316-8832,SBS40,42232.3561207143
7316-8832,SBS84,107.160253738827
7316-8832,SBS85,5094.00460049033
7316-8832,SBS87,3475.14893494675
7316-8832,SBS89,29602.3686925878
7316-8832,SBS91,3794.36887411179
7316-8839,SBS1,6871.95716574575
7316-8839,SBS5,33441.5171137306
7316-8839,SBS6,7509.84595449887
7316-8839,SBS7b,1891.92256265843
7316-8839,SBS8,8977.51613894452
7316-8839,SBS10b,967.204665790057
7316-8839,SBS10d,3851.91767461767
7316-8839,SBS13,1228.31952653231
7316-8839,SBS17a,1495.38807910742
7316-8839,SBS19,3630.40690433463
7316-8839,SBS26,9794.85344680758
7316-8839,SBS30,978.276340672128
7316-8839,SBS32,3641.77806612309
7316-8839,SBS33,4580.15072335248
7316-8839,SBS37,11530.4548318151
7316-8839,SBS39,4679.01192597432
7316-8839,SBS40,40190.1158054069
7316-8839,SBS85,4491.37379708356
7316-8839,SBS87,3638.13744549514
7316-8839,SBS89,29779.6284238559
7316-8839,SBS91,4046.9245485668
7316-8851,SBS1,7989.38840163584
7316-8851,SBS5,36893.7254139541
7316-8851,SBS6,7486.48629993514
7316-8851,SBS7b,1499.36449029722
7316-8851,SBS8,7383.35219959891
7316-8851,SBS10b,1121.72648697539
7316-8851,SBS10d,2245.64333852175
7316-8851,SBS13,871.32099279347
7316-8851,SBS17a,1839.85445689118
7316-8851,SBS19,3988.59362408191
7316-8851,SBS26,10241.875602302
7316-8851,SBS30,2272.47469288411
7316-8851,SBS32,4224.18452486551
7316-8851,SBS33,4772.39194460099
7316-8851,SBS37,10797.2732465114
7316-8851,SBS39,6026.44623843799
7316-8851,SBS40,39308.0390931233
7316-8851,SBS85,5251.04582906868
7316-8851,SBS87,3665.4205608538
7316-8851,SBS89,31345.2647963496
7316-8851,SBS91,2112.71793821703
7316-8856,SBS1,7195.20211774214
7316-8856,SBS5,33542.0913302594
7316-8856,SBS6,7794.9985910314
7316-8856,SBS7b,883.65615862173
7316-8856,SBS8,9147.42073880799
7316-8856,SBS10b,1212.30528726505
7316-8856,SBS10d,2584.44540568752
7316-8856,SBS13,911.489461152394
7316-8856,SBS17a,1652.09663896733
7316-8856,SBS19,4359.07785236847
7316-8856,SBS26,9958.82873928016
7316-8856,SBS29,321.178058712272
7316-8856,SBS30,2239.74396922594
7316-8856,SBS32,3727.78630969047
7316-8856,SBS33,4596.09327516568
7316-8856,SBS37,11649.6083998531
7316-8856,SBS39,5731.00108168217
7316-8856,SBS40,39443.4491269378
7316-8856,SBS85,5338.25364260064
7316-8856,SBS87,4130.81492031634
7316-8856,SBS89,29860.8189792575
7316-8856,SBS91,2232.38542499711
7316-9026,SBS1,6657.11090271001
7316-9026,SBS5,28692.3534999868
7316-9026,SBS6,7234.82027679882
7316-9026,SBS7b,1260.87090577737
7316-9026,SBS8,8737.57756387584
7316-9026,SBS10b,1446.62840426897
7316-9026,SBS10d,2689.2409444903
7316-9026,SBS13,935.03885946228
7316-9026,SBS17a,1522.17747231
7316-9026,SBS19,3944.34225705266
7316-9026,SBS26,9668.22734567094
7316-9026,SBS30,1830.05532004068
7316-9026,SBS32,3474.36862540717
7316-9026,SBS33,4495.36003335636
7316-9026,SBS37,10108.0401145742
7316-9026,SBS39,5269.48083018285
7316-9026,SBS40,37091.6884565602
7316-9026,SBS85,4569.47765883278
7316-9026,SBS87,3459.68864969404
7316-9026,SBS89,28026.4592092917
7316-9026,SBS91,2173.4145231262
7316-9048,SBS1,8115.73202072794
7316-9048,SBS5,41098.5987788549
7316-9048,SBS6,7435.94973718818
7316-9048,SBS7b,947.620282124937
7316-9048,SBS8,8768.01628207015
7316-9048,SBS10b,1704.34522407063
7316-9048,SBS10d,1692.4073982238
7316-9048,SBS13,578.646634446028
7316-9048,SBS17a,1693.44448608629
7316-9048,SBS19,4398.46066808449
7316-9048,SBS24,65.6007946688257
7316-9048,SBS26,9883.34968435402
7316-9048,SBS30,2448.76587379146
7316-9048,SBS32,3832.71036005491
7316-9048,SBS33,5308.22485585979
7316-9048,SBS37,10377.5763317166
7316-9048,SBS39,6375.99423357362
7316-9048,SBS40,35097.0934682538
7316-9048,SBS85,4479.27769271284
7316-9048,SBS87,4702.19732113126
7316-9048,SBS89,29083.7816863493
7316-9048,SBS91,1736.62195854986
7316-9049,SBS1,6897.70194919556
7316-9049,SBS5,31778.3145053883
7316-9049,SBS6,7247.34224227102
7316-9049,SBS7b,1995.24761974825
7316-9049,SBS8,7296.04180979947
7316-9049,SBS10b,1169.93914862025
7316-9049,SBS10d,3309.14783262034
7316-9049,SBS13,772.284765694476
7316-9049,SBS17a,1443.65937417998
7316-9049,SBS19,3262.55553114262
7316-9049,SBS26,10397.0465594932
7316-9049,SBS30,1304.01544857526
7316-9049,SBS32,4363.08307520611
7316-9049,SBS33,4576.76498567825
7316-9049,SBS37,9380.42903954308
7316-9049,SBS39,5493.98886688778
7316-9049,SBS40,39120.4753107155
7316-9049,SBS85,3995.02105213587
7316-9049,SBS87,3245.6106301743
7316-9049,SBS89,28449.6137945322
7316-9049,SBS91,3003.83799699714
7316-9253,SBS1,8380.02664809323
7316-9253,SBS5,37199.5498737286
7316-9253,SBS6,8204.15536700704
7316-9253,SBS7b,1273.32068851673
7316-9253,SBS8,11699.8789535908
7316-9253,SBS10b,1225.18491377189
7316-9253,SBS10d,2916.83726803831
7316-9253,SBS13,1384.90721409696
7316-9253,SBS17a,1752.69966176994
7316-9253,SBS19,4929.62002972926
7316-9253,SBS26,10836.471658983
7316-9253,SBS30,2713.29987899318
7316-9253,SBS32,4412.80623378927
7316-9253,SBS33,5053.0316738111
7316-9253,SBS37,12545.1087769437
7316-9253,SBS39,7635.43582058927
7316-9253,SBS40,37577.0182986004
7316-9253,SBS85,5209.84136759095
7316-9253,SBS87,4105.09533388666
7316-9253,SBS89,29305.2661701794
7316-9253,SBS91,2579.10859520742
7316-9435,SBS1,7347.12342431714
7316-9435,SBS5,30332.2358900739
7316-9435,SBS6,8177.80377065966
7316-9435,SBS7b,1951.11485691603
7316-9435,SBS8,11316.3256158811
7316-9435,SBS10b,1285.06471356029
7316-9435,SBS10d,2824.65908050131
7316-9435,SBS13,1445.87531832737
7316-9435,SBS17a,1414.98051865286
7316-9435,SBS19,4076.92127370721
7316-9435,SBS26,10412.0672909066
7316-9435,SBS30,1179.06495653751
7316-9435,SBS32,4419.23818463453
7316-9435,SBS33,4810.84039349569
7316-9435,SBS37,12394.3545240779
7316-9435,SBS39,6320.26201449484
7316-9435,SBS40,38161.7093806892
7316-9435,SBS85,4434.3632096622
7316-9435,SBS87,4323.15067375415
7316-9435,SBS89,28329.6053605985
7316-9435,SBS91,3776.02103764438
7316-9497,SBS1,7297.74855170063
7316-9497,SBS5,34789.7167633402
7316-9497,SBS6,6138.34290353082
7316-9497,SBS7b,544.939021282845
7316-9497,SBS8,10197.4654361488
7316-9497,SBS9,520.795034973559
7316-9497,SBS10b,1660.95373360878
7316-9497,SBS10d,620.127866146702
7316-9497,SBS13,921.377202494875
7316-9497,SBS17a,1637.50898486237
7316-9497,SBS19,4277.63194934986
7316-9497,SBS26,9148.58700650001
7316-9497,SBS28,19.0186423330099
7316-9497,SBS30,3644.12061734772
7316-9497,SBS32,2974.87562177699
7316-9497,SBS33,4727.1006609867
7316-9497,SBS34,31.3162984238739
7316-9497,SBS37,11067.8580967015
7316-9497,SBS39,7801.88092720931
7316-9497,SBS40,31122.9472100739
7316-9497,SBS85,4481.1136780676
7316-9497,SBS87,2600.33516384953
7316-9497,SBS89,28020.7849230193
7316-9497,SBS91,920.995099690639
