HGG_7316-461,SBS5,2694415.7337036
HGG_7316-8734,SBS5,2687027.04458047
HGG_7316-4917,SBS5,2609330.46744651
HGG_7316-161,SBS5,2512845.00461174
HGG_7316-3000,SBS5,2502554.91206981
HGG_7316-388,SBS5,2411354.86982472
HGG_7316-3030,SBS5,2305230.93884089
HGG_7316-5267,SBS5,2291881.6146816
HGG_7316-466,SBS5,2287607.02375437
HGG_7316-1774,SBS5,2283501.37662045
HGG_7316-2151,SBS5,2266537.80698891
HGG_7316-3935,SBS5,2245557.80759001
HGG_7316-1746,SBS5,2245160.22618047
HGG_7316-116,SBS5,2240937.17450208
HGG_7316-3771,SBS5,2240886.39516482
HGG_7316-2091,SBS5,2239080.14720452
HGG_7316-3625,SBS5,2231750.86968772
HGG_7316-2176,SBS5,2222456.84442624
HGG_7316-2756,SBS5,2217388.28142874
HGG_7316-3026,SBS5,2215733.49808157
HGG_7316-34,SBS5,2213150.79336908
HGG_7316-4723,SBS5,2213000.88582763
HGG_7316-4942,SBS5,2212583.42255047
HGG_7316-1099,SBS5,2211441.55973553
HGG_7316-114,SBS5,2211281.72349878
HGG_7316-1946,SBS5,2211203.24790069
HGG_7316-1956,SBS5,2211072.59673455
HGG_7316-204,SBS5,2210207.05728043
HGG_7316-339,SBS5,2209966.09278181
HGG_7316-895,SBS5,2208960.66787869
HGG_7316-3521,SBS5,2208696.33459528
HGG_7316-1085,SBS5,2208390.28070236
HGG_7316-195,SBS5,2207518.92499179
HGG_7316-409,SBS5,2206801.58643701
HGG_7316-343,SBS5,2206715.46143051
HGG_7316-3075,SBS5,2203991.41486588
HGG_7316-2594,SBS5,2203753.76690387
HGG_7316-3765,SBS5,2203502.13270952
HGG_7316-1763,SBS5,2202693.22525567
HGG_7316-4293,SBS5,2202655.86369289
HGG_7316-4337,SBS5,2200498.29009373
HGG_7316-3636,SBS5,2197526.38653187
HGG_7316-45,SBS5,2197461.56487844
HGG_7316-71,SBS5,2197370.27889401
HGG_7316-4552,SBS5,2197147.75841502
HGG_7316-2152,SBS5,2197130.59175529
HGG_7316-212,SBS5,2196769.45242
HGG_7316-913,SBS5,2196377.82012107
HGG_7316-445,SBS5,2195834.33043453
HGG_7316-1656,SBS5,2195560.61684895
HGG_7316-392,SBS5,2194798.79307125
HGG_7316-2189,SBS5,2194636.49833746
HGG_7316-2781,SBS5,2193463.46995334
HGG_7316-3769,SBS5,2193211.67335118
HGG_7316-515,SBS5,2193029.52768419
HGG_7316-4993,SBS5,2188009.70497864
HGG_7316-194,SBS5,2187401.10717161
HGG_7316-903,SBS5,2186300.72406618
HGG_7316-89,SBS5,2186195.00155172
HGG_7316-2784,SBS5,2182359.57027867
HGG_7316-85,SBS5,2181669.42167328
HGG_7316-4678,SBS5,2181394.45320369
HGG_7316-3022,SBS5,2180614.37581659
HGG_7316-2857,SBS5,2178782.64328571
HGG_7316-4432,SBS5,2178654.12672038
HGG_7316-1106,SBS5,2175631.80599842
HGG_7316-4516,SBS5,2175102.49550149
HGG_7316-2140,SBS5,2173158.84947607
HGG_7316-5087,SBS5,2168792.66584152
HGG_7316-4466,SBS5,2167342.11296481
HGG_7316-4347,SBS5,2165748.5566487
HGG_7316-870,SBS5,2140075.48838298
HGG_7316-2274,SBS5,2126613.66262691
HGG_7316-4215,SBS5,2100132.37678698
HGG_7316-461,SBS26,556180.958429583
HGG_7316-8734,SBS26,552077.693164073
HGG_7316-4917,SBS26,551780.043296198
HGG_7316-161,SBS26,528143.590235197
HGG_7316-3000,SBS26,520275.284418762
HGG_7316-388,SBS26,507816.847757433
HGG_7316-5267,SBS26,491179.113706551
HGG_7316-3030,SBS26,486742.788326151
HGG_7316-466,SBS26,484965.711341347
HGG_7316-1774,SBS26,484911.535062268
HGG_7316-2151,SBS26,483221.814640087
HGG_7316-3771,SBS26,482522.654150263
HGG_7316-4293,SBS26,481073.682868106
HGG_7316-2091,SBS26,480697.357945427
HGG_7316-4942,SBS26,478116.290898969
HGG_7316-3935,SBS26,476446.231368982
HGG_7316-343,SBS26,475881.146730166
HGG_7316-4993,SBS26,475707.804965263
HGG_7316-2784,SBS26,475069.232503405
HGG_7316-4432,SBS26,474246.049193451
HGG_7316-3521,SBS26,474128.872221917
HGG_7316-1099,SBS26,473666.315553097
HGG_7316-4723,SBS26,473532.485461176
HGG_7316-2756,SBS26,473494.262966928
HGG_7316-3636,SBS26,473178.097993844
HGG_7316-4516,SBS26,472954.805252081
HGG_7316-2176,SBS26,472532.623821925
HGG_7316-3765,SBS26,472463.663722486
HGG_7316-1746,SBS26,472366.89444983
HGG_7316-4552,SBS26,471663.60204105
HGG_7316-1085,SBS26,471582.128811948
HGG_7316-2152,SBS26,471391.776981211
HGG_7316-3625,SBS26,471040.0976693
HGG_7316-392,SBS26,471003.69284485
HGG_7316-116,SBS26,470854.957894228
HGG_7316-4337,SBS26,470706.022705306
HGG_7316-445,SBS26,470341.074752266
HGG_7316-895,SBS26,470214.843776629
HGG_7316-1763,SBS26,470195.659710918
HGG_7316-1946,SBS26,469794.384179932
HGG_7316-903,SBS26,469733.163642035
HGG_7316-3022,SBS26,469396.451396966
HGG_7316-34,SBS26,469167.140292872
HGG_7316-3026,SBS26,469010.145104492
HGG_7316-195,SBS26,468699.154241008
HGG_7316-339,SBS26,468507.160546229
HGG_7316-4347,SBS26,468331.297638455
HGG_7316-71,SBS26,468309.439341256
HGG_7316-2857,SBS26,468159.405316071
HGG_7316-2781,SBS26,468128.664208181
HGG_7316-45,SBS26,467962.555912227
HGG_7316-1656,SBS26,467795.907214086
HGG_7316-3075,SBS26,467678.750719229
HGG_7316-913,SBS26,467650.225568215
HGG_7316-204,SBS26,467478.487290216
HGG_7316-1956,SBS26,467344.545417848
HGG_7316-2594,SBS26,467321.822612644
HGG_7316-2140,SBS26,467291.497953382
HGG_7316-212,SBS26,466820.337853531
HGG_7316-3769,SBS26,466724.700752369
HGG_7316-2189,SBS26,466667.778615184
HGG_7316-4466,SBS26,466590.564757413
HGG_7316-515,SBS26,466451.490660097
HGG_7316-4678,SBS26,466257.351158473
HGG_7316-114,SBS26,466219.286316727
HGG_7316-194,SBS26,465047.416889722
HGG_7316-89,SBS26,464832.90636555
HGG_7316-870,SBS26,464827.426307657
HGG_7316-85,SBS26,464480.802857944
HGG_7316-409,SBS26,464300.144506461
HGG_7316-5087,SBS26,464025.909226942
HGG_7316-1106,SBS26,462245.909002669
HGG_7316-4215,SBS26,460680.548314473
HGG_7316-2274,SBS26,459766.862974945
HGG_7316-461,SBS1,432452.520721833
HGG_7316-8734,SBS1,429099.935386928
HGG_7316-4917,SBS1,422327.646864925
HGG_7316-161,SBS1,404748.25959916
HGG_7316-3000,SBS1,400505.903653484
HGG_7316-388,SBS1,387389.469023276
HGG_7316-3030,SBS1,370369.192397718
HGG_7316-466,SBS1,368725.356629253
HGG_7316-1774,SBS1,368186.969693916
HGG_7316-5267,SBS1,366546.696323196
HGG_7316-2151,SBS1,365124.495216966
HGG_7316-3771,SBS1,360105.532875406
HGG_7316-2091,SBS1,359747.638170104
HGG_7316-3935,SBS1,359654.770376148
HGG_7316-116,SBS1,358778.913808162
HGG_7316-1746,SBS1,358573.792687384
HGG_7316-3625,SBS1,356914.248579196
HGG_7316-4942,SBS1,356124.761489599
HGG_7316-2756,SBS1,355749.101409862
HGG_7316-1099,SBS1,355738.148129561
HGG_7316-204,SBS1,355672.250681151
HGG_7316-4293,SBS1,355434.593461356
HGG_7316-2176,SBS1,355212.558373838
HGG_7316-339,SBS1,355132.793803023
HGG_7316-1763,SBS1,354798.859964324
HGG_7316-2152,SBS1,354695.201477295
HGG_7316-343,SBS1,354485.789539205
HGG_7316-34,SBS1,354233.761815805
HGG_7316-114,SBS1,353981.907213638
HGG_7316-195,SBS1,353916.109123215
HGG_7316-895,SBS1,353875.662451516
HGG_7316-212,SBS1,353798.663189505
HGG_7316-1946,SBS1,353760.768178797
HGG_7316-4723,SBS1,353508.776093737
HGG_7316-4993,SBS1,353474.158362646
HGG_7316-913,SBS1,353432.077733257
HGG_7316-1956,SBS1,353428.949325268
HGG_7316-194,SBS1,353142.959170244
HGG_7316-515,SBS1,353024.181615784
HGG_7316-71,SBS1,353016.981498171
HGG_7316-2594,SBS1,352990.398963591
HGG_7316-1085,SBS1,352981.416490957
HGG_7316-3765,SBS1,352935.816956957
HGG_7316-3075,SBS1,352897.748513771
HGG_7316-4516,SBS1,352738.558564455
HGG_7316-409,SBS1,352725.341151956
HGG_7316-3026,SBS1,352671.980748781
HGG_7316-1656,SBS1,352529.035825039
HGG_7316-3521,SBS1,352460.033831586
HGG_7316-2189,SBS1,352455.407650527
HGG_7316-3636,SBS1,352308.898247284
HGG_7316-2781,SBS1,352252.640286298
HGG_7316-903,SBS1,352223.705989402
HGG_7316-2784,SBS1,352167.033163504
HGG_7316-4552,SBS1,351982.66376946
HGG_7316-45,SBS1,351942.021877858
HGG_7316-445,SBS1,351541.000704
HGG_7316-3769,SBS1,351524.063263536
HGG_7316-85,SBS1,351385.361618548
HGG_7316-4337,SBS1,351056.049759322
HGG_7316-392,SBS1,351005.060579751
HGG_7316-4432,SBS1,350851.851307955
HGG_7316-89,SBS1,350648.196525417
HGG_7316-3022,SBS1,350537.515560284
HGG_7316-2140,SBS1,350437.185556374
HGG_7316-1106,SBS1,349229.7621059
HGG_7316-4678,SBS1,348378.088834904
HGG_7316-5087,SBS1,347943.53593761
HGG_7316-2857,SBS1,347839.418626763
HGG_7316-4466,SBS1,347286.808678941
HGG_7316-4347,SBS1,347066.53308295
HGG_7316-870,SBS1,344409.1625162
HGG_7316-2274,SBS1,342115.260572418
HGG_7316-4215,SBS1,339680.180788274
HGG_7316-461,SBS89,275695.40949304
HGG_7316-8734,SBS89,272619.080800438
HGG_7316-3000,SBS89,269266.911063357
HGG_7316-161,SBS89,267089.374026879
HGG_7316-4917,SBS89,265539.890564848
HGG_7316-1774,SBS89,264529.688515308
HGG_7316-388,SBS89,262466.10815362
HGG_7316-895,SBS89,259836.156193665
HGG_7316-1746,SBS89,258091.807661118
HGG_7316-116,SBS89,257230.656786483
HGG_7316-2152,SBS89,255958.99180908
HGG_7316-2091,SBS89,255734.731419957
HGG_7316-2151,SBS89,255381.637396044
HGG_7316-445,SBS89,255105.811001166
HGG_7316-114,SBS89,254673.814762916
HGG_7316-870,SBS89,254049.620118469
HGG_7316-3030,SBS89,253557.642095155
HGG_7316-1656,SBS89,253342.67595094
HGG_7316-2594,SBS89,252965.586858926
HGG_7316-461,SBS32,252607.240120682
HGG_7316-903,SBS89,251553.996563343
HGG_7316-1763,SBS89,250795.343213144
HGG_7316-1956,SBS89,250555.618817217
HGG_7316-1099,SBS89,250366.900569475
HGG_7316-4917,SBS32,249586.304549552
HGG_7316-3075,SBS89,249329.887444233
HGG_7316-515,SBS89,248934.412727441
HGG_7316-8734,SBS32,248921.602122905
HGG_7316-409,SBS89,247705.854255963
HGG_7316-913,SBS89,247112.883965179
HGG_7316-3625,SBS89,246991.049577957
HGG_7316-2176,SBS89,246969.69515139
HGG_7316-89,SBS89,246630.054231759
HGG_7316-45,SBS89,245985.952222395
HGG_7316-204,SBS89,245773.782052956
HGG_7316-85,SBS89,245330.344064492
HGG_7316-466,SBS89,244858.982777473
HGG_7316-1106,SBS89,244819.52304772
HGG_7316-212,SBS89,244704.709170068
HGG_7316-2140,SBS89,244260.550489079
HGG_7316-4723,SBS89,244215.619921328
HGG_7316-2781,SBS89,244049.833271084
HGG_7316-2189,SBS89,243563.007204899
HGG_7316-194,SBS89,242997.967633252
HGG_7316-4993,SBS89,242470.883076305
HGG_7316-71,SBS89,242445.783691588
HGG_7316-195,SBS89,241641.141641542
HGG_7316-4942,SBS89,240601.431586898
HGG_7316-3000,SBS32,239745.931056972
HGG_7316-339,SBS89,239332.318856844
HGG_7316-161,SBS32,238219.055556862
HGG_7316-5087,SBS89,235417.649592393
HGG_7316-4215,SBS89,234688.735582808
HGG_7316-388,SBS32,234029.662037051
HGG_7316-4466,SBS89,233981.088640423
HGG_7316-5267,SBS89,232628.759944779
HGG_7316-3771,SBS89,232014.430667326
HGG_7316-34,SBS89,230188.117436685
HGG_7316-3636,SBS89,229607.883089288
HGG_7316-343,SBS89,229458.827847236
HGG_7316-4516,SBS89,229282.95476766
HGG_7316-2274,SBS89,229126.310101943
HGG_7316-2784,SBS89,229121.216325388
HGG_7316-4552,SBS89,228687.115427903
HGG_7316-392,SBS89,228633.663620101
HGG_7316-4337,SBS89,228283.681465121
HGG_7316-5267,SBS32,227369.112674125
HGG_7316-3935,SBS89,225610.862341038
HGG_7316-3026,SBS89,225389.428488204
HGG_7316-4678,SBS89,224868.755461149
HGG_7316-466,SBS32,224624.622231681
HGG_7316-3030,SBS32,224336.649884401
HGG_7316-1085,SBS89,223556.81660924
HGG_7316-3521,SBS89,223512.850901937
HGG_7316-2151,SBS32,223378.550203508
HGG_7316-3765,SBS89,223344.150061833
HGG_7316-1774,SBS32,223021.443549563
HGG_7316-3771,SBS32,222664.285105916
HGG_7316-2857,SBS89,222585.350383551
HGG_7316-2176,SBS32,221803.105720572
HGG_7316-1099,SBS32,221572.801664033
HGG_7316-343,SBS32,221097.20490023
HGG_7316-3022,SBS89,221042.197141256
HGG_7316-1946,SBS89,221031.875548771
HGG_7316-3625,SBS32,220893.361596269
HGG_7316-2091,SBS32,220806.150042049
HGG_7316-116,SBS32,220600.985956068
HGG_7316-204,SBS32,220511.899747913
HGG_7316-4293,SBS32,220471.344139307
HGG_7316-3769,SBS89,220325.405285019
HGG_7316-195,SBS32,220244.626878791
HGG_7316-4293,SBS89,220160.485555115
HGG_7316-3765,SBS32,220125.227896763
HGG_7316-3935,SBS32,220051.056755125
HGG_7316-3769,SBS32,219957.331185603
HGG_7316-1085,SBS32,219876.925502828
HGG_7316-895,SBS32,219672.052854738
HGG_7316-4516,SBS32,219634.560997447
HGG_7316-71,SBS32,219463.078001698
HGG_7316-913,SBS32,219432.86454474
HGG_7316-339,SBS32,219332.770746759
HGG_7316-89,SBS32,219294.773864465
HGG_7316-409,SBS32,219294.405240124
HGG_7316-212,SBS32,219264.327639021
HGG_7316-1946,SBS32,219219.704775066
HGG_7316-2781,SBS32,219140.380871055
HGG_7316-1956,SBS32,219123.720031858
HGG_7316-34,SBS32,219039.878674442
HGG_7316-3521,SBS32,219036.758695727
HGG_7316-3636,SBS32,219015.936930872
HGG_7316-3026,SBS32,218994.872072917
HGG_7316-2189,SBS32,218980.698765766
HGG_7316-2140,SBS32,218926.061884776
HGG_7316-4347,SBS32,218915.954777635
HGG_7316-1746,SBS32,218886.980976442
HGG_7316-4942,SBS32,218878.25516873
HGG_7316-2756,SBS32,218798.048108333
HGG_7316-4552,SBS32,218606.151019519
HGG_7316-1763,SBS32,218597.976410252
HGG_7316-114,SBS32,218550.248030268
HGG_7316-2152,SBS32,218471.359980515
HGG_7316-4723,SBS32,218429.966588771
HGG_7316-3075,SBS32,218309.551037376
HGG_7316-3022,SBS32,218089.245874994
HGG_7316-85,SBS32,218043.308868575
HGG_7316-1106,SBS32,217731.626714447
HGG_7316-515,SBS32,217220.354630488
HGG_7316-445,SBS32,217188.668015691
HGG_7316-4993,SBS32,217167.061191476
HGG_7316-392,SBS32,217024.682243065
HGG_7316-1656,SBS32,216996.445873072
HGG_7316-2594,SBS32,216939.612606271
HGG_7316-4432,SBS32,216880.024149828
HGG_7316-903,SBS32,216875.9714322
HGG_7316-4678,SBS32,216798.903845823
HGG_7316-194,SBS32,216390.81340685
HGG_7316-2857,SBS32,216375.826257966
HGG_7316-4337,SBS32,216361.407334862
HGG_7316-5087,SBS32,216260.466624109
HGG_7316-45,SBS32,216038.791657713
HGG_7316-2756,SBS89,215809.994875333
HGG_7316-4466,SBS32,215756.209217493
HGG_7316-2784,SBS32,215320.636583348
HGG_7316-4432,SBS89,215089.462710342
HGG_7316-2274,SBS32,214405.051224819
HGG_7316-870,SBS32,211550.964284266
HGG_7316-4347,SBS89,210548.343585356
HGG_7316-4215,SBS32,209501.735357782
HGG_7316-461,SBS33,149767.348728665
HGG_7316-8734,SBS33,149673.824177677
HGG_7316-4917,SBS33,148021.771593445
HGG_7316-161,SBS33,143127.448452097
HGG_7316-3000,SBS33,142443.372784833
HGG_7316-388,SBS33,138395.480087539
HGG_7316-3030,SBS33,133142.289893766
HGG_7316-466,SBS33,132221.119434203
HGG_7316-1774,SBS33,131925.575983291
HGG_7316-5267,SBS33,131815.756662763
HGG_7316-2151,SBS33,131807.287623899
HGG_7316-3771,SBS33,131286.309755246
HGG_7316-2091,SBS33,130351.893456497
HGG_7316-116,SBS33,130024.876752826
HGG_7316-895,SBS33,129673.188387398
HGG_7316-3935,SBS33,129492.260217883
HGG_7316-4293,SBS33,129443.861602289
HGG_7316-4942,SBS33,129230.669524149
HGG_7316-2756,SBS33,129183.59337509
HGG_7316-1746,SBS33,129169.639245403
HGG_7316-1099,SBS33,129075.956668599
HGG_7316-3026,SBS33,129031.004166906
HGG_7316-3625,SBS33,128956.660080866
HGG_7316-71,SBS33,128809.028227788
HGG_7316-343,SBS33,128609.610330789
HGG_7316-114,SBS33,128514.760632271
HGG_7316-34,SBS33,128458.641951075
HGG_7316-4516,SBS33,128407.357455867
HGG_7316-212,SBS33,128399.574491891
HGG_7316-204,SBS33,128399.396585708
HGG_7316-2594,SBS33,128313.03219008
HGG_7316-3769,SBS33,128307.501808069
HGG_7316-2176,SBS33,128304.245820703
HGG_7316-4432,SBS33,128297.706168799
HGG_7316-4552,SBS33,128284.493597361
HGG_7316-195,SBS33,128253.089614627
HGG_7316-2152,SBS33,128202.631417618
HGG_7316-3521,SBS33,128201.84131927
HGG_7316-1946,SBS33,128159.270216006
HGG_7316-913,SBS33,128119.088632445
HGG_7316-1085,SBS33,128111.507245235
HGG_7316-1656,SBS33,128041.032874541
HGG_7316-3022,SBS33,128024.078602755
HGG_7316-1763,SBS33,127993.224687518
HGG_7316-2857,SBS33,127945.720055436
HGG_7316-339,SBS33,127880.242341352
HGG_7316-2784,SBS33,127874.137041402
HGG_7316-3636,SBS33,127867.227494773
HGG_7316-3075,SBS33,127706.546034611
HGG_7316-85,SBS33,127689.026996643
HGG_7316-4993,SBS33,127681.275196081
HGG_7316-1106,SBS33,127603.043294835
HGG_7316-4723,SBS33,127600.821758662
HGG_7316-89,SBS33,127450.997802093
HGG_7316-903,SBS33,127398.377260408
HGG_7316-445,SBS33,127376.337225661
HGG_7316-1956,SBS33,127369.365918596
HGG_7316-2189,SBS33,127368.770720422
HGG_7316-4337,SBS33,127366.920714493
HGG_7316-45,SBS33,127224.986399665
HGG_7316-194,SBS33,127146.215175133
HGG_7316-2781,SBS33,127061.67786267
HGG_7316-3765,SBS33,127031.518007248
HGG_7316-409,SBS33,126871.272465936
HGG_7316-5087,SBS33,126785.887496751
HGG_7316-515,SBS33,126745.541936535
HGG_7316-392,SBS33,126660.339670654
HGG_7316-2140,SBS33,126445.668783987
HGG_7316-4347,SBS33,126445.041042536
HGG_7316-4466,SBS33,125927.919239911
HGG_7316-4678,SBS33,125827.889631954
HGG_7316-870,SBS33,125783.649138619
HGG_7316-4215,SBS33,125364.167513808
HGG_7316-2274,SBS33,124906.4138723
HGG_7316-461,SBS87,110111.916662514
HGG_7316-8734,SBS87,108632.648835943
HGG_7316-4917,SBS87,108089.697439927
HGG_7316-4917,SBS39,103790.777281524
HGG_7316-161,SBS87,100335.123730803
HGG_7316-3000,SBS87,99985.8642424808
HGG_7316-4293,SBS39,98505.6879829342
HGG_7316-4432,SBS39,98299.2714989469
HGG_7316-388,SBS87,98023.0061949565
HGG_7316-8734,SBS39,97670.8189889402
HGG_7316-4347,SBS39,96934.4343076232
HGG_7316-5267,SBS87,96373.8127215225
HGG_7316-4516,SBS39,96221.4597618054
HGG_7316-5267,SBS39,94763.8936362088
HGG_7316-2151,SBS87,94249.2475068812
HGG_7316-461,SBS39,93934.2856516266
HGG_7316-34,SBS39,93701.6845741339
HGG_7316-161,SBS39,93433.0388651416
HGG_7316-3022,SBS39,92922.9996665155
HGG_7316-4552,SBS39,92777.8635770612
HGG_7316-4552,SBS87,92761.1820996192
HGG_7316-466,SBS87,92707.7680232638
HGG_7316-4942,SBS87,92552.6324700673
HGG_7316-1946,SBS39,92386.5829872739
HGG_7316-3771,SBS39,92265.642836138
HGG_7316-2784,SBS39,92082.1144109099
HGG_7316-388,SBS39,92061.3366482106
HGG_7316-2756,SBS39,91956.838407038
HGG_7316-1774,SBS87,91703.1146608894
HGG_7316-3771,SBS87,91703.090969454
HGG_7316-3030,SBS87,91634.4317910445
HGG_7316-445,SBS87,91634.3174713326
HGG_7316-3636,SBS87,91568.6620082044
HGG_7316-4993,SBS39,91518.7120895602
HGG_7316-2091,SBS87,91275.5742722809
HGG_7316-895,SBS87,90869.0491855648
HGG_7316-3769,SBS39,90765.7672665038
HGG_7316-3521,SBS39,90736.8314867965
HGG_7316-2176,SBS87,90709.4979163685
HGG_7316-343,SBS39,90708.6859601388
HGG_7316-4293,SBS87,90654.8764231604
HGG_7316-4993,SBS87,90618.3496738009
HGG_7316-1656,SBS87,90581.5539828831
HGG_7316-392,SBS39,90577.0212957982
HGG_7316-4942,SBS39,90561.131700826
HGG_7316-3636,SBS39,90489.0433655713
HGG_7316-3000,SBS39,90452.1506800674
HGG_7316-2857,SBS39,90395.2339150876
HGG_7316-4466,SBS39,90391.4926073385
HGG_7316-3765,SBS87,90339.2559836013
HGG_7316-116,SBS87,90327.779942271
HGG_7316-1085,SBS39,90279.3434794084
HGG_7316-89,SBS87,90204.9491466262
HGG_7316-1099,SBS87,90053.0604549859
HGG_7316-71,SBS87,90005.6728393544
HGG_7316-4337,SBS39,89971.8386252598
HGG_7316-1085,SBS87,89866.147914727
HGG_7316-5087,SBS39,89835.2189316125
HGG_7316-4723,SBS87,89827.2702280769
HGG_7316-5087,SBS87,89742.4861290687
HGG_7316-4678,SBS39,89709.7649095004
HGG_7316-195,SBS87,89662.5603201049
HGG_7316-2152,SBS87,89636.1268003731
HGG_7316-2594,SBS87,89580.5660288157
HGG_7316-3935,SBS87,89468.531907359
HGG_7316-1956,SBS87,89343.5761957243
HGG_7316-1746,SBS87,89292.4428630426
HGG_7316-212,SBS87,89287.872814841
HGG_7316-114,SBS87,89220.7342709543
HGG_7316-2857,SBS87,89059.750482588
HGG_7316-343,SBS87,89013.0328900408
HGG_7316-903,SBS87,88892.6534845793
HGG_7316-4678,SBS87,88863.8491477286
HGG_7316-2140,SBS87,88800.5670919803
HGG_7316-3625,SBS87,88774.3496338106
HGG_7316-3765,SBS39,88753.6063030588
HGG_7316-4215,SBS87,88610.0517490153
HGG_7316-45,SBS87,88546.7067041866
HGG_7316-3521,SBS87,88502.7792455258
HGG_7316-1946,SBS87,88438.1008392404
HGG_7316-515,SBS87,88346.4422067712
HGG_7316-3022,SBS87,88337.3821500464
HGG_7316-913,SBS87,88332.1739349485
HGG_7316-4337,SBS87,88226.9052582841
HGG_7316-2140,SBS39,88221.399405038
HGG_7316-1106,SBS87,88078.3496025642
HGG_7316-409,SBS87,88059.7328093083
HGG_7316-2274,SBS39,87976.3945838265
HGG_7316-466,SBS39,87968.5658416727
HGG_7316-2756,SBS87,87958.423694815
HGG_7316-4432,SBS87,87927.8161912965
HGG_7316-34,SBS87,87905.018683829
HGG_7316-4347,SBS87,87902.0852514668
HGG_7316-392,SBS87,87819.7767470526
HGG_7316-4466,SBS87,87799.6519359985
HGG_7316-2784,SBS87,87743.7057472607
HGG_7316-3026,SBS39,87674.4245893897
HGG_7316-1763,SBS87,87588.0611466152
HGG_7316-1099,SBS39,87536.7743765415
HGG_7316-3935,SBS39,87529.1526818509
HGG_7316-85,SBS39,87380.0243335103
HGG_7316-3769,SBS87,87345.8497504175
HGG_7316-2781,SBS87,87328.3806753435
HGG_7316-3026,SBS87,87307.3670796278
HGG_7316-2176,SBS39,87272.6177679903
HGG_7316-870,SBS87,87233.1774268282
HGG_7316-204,SBS87,87228.9419775522
HGG_7316-4215,SBS39,87220.8880532735
HGG_7316-4516,SBS87,87194.0872299402
HGG_7316-212,SBS39,86921.4449462574
HGG_7316-1106,SBS39,86771.7996495128
HGG_7316-4723,SBS39,86657.2017438312
HGG_7316-85,SBS87,86625.8558823356
HGG_7316-3075,SBS87,86471.8271646738
HGG_7316-2151,SBS39,86418.3886553691
HGG_7316-194,SBS87,86414.3238036504
HGG_7316-339,SBS87,86250.3251977121
HGG_7316-3030,SBS39,86227.3959700158
HGG_7316-2152,SBS39,86052.0397039673
HGG_7316-2189,SBS87,85772.6969456455
HGG_7316-1774,SBS39,85533.1310334031
HGG_7316-194,SBS39,85493.4676964824
HGG_7316-2781,SBS39,85127.8584248315
HGG_7316-3075,SBS39,85100.9016462564
HGG_7316-1763,SBS39,84975.910720194
HGG_7316-4917,SBS9,84875.1675047293
HGG_7316-2274,SBS87,84490.6897025795
HGG_7316-2091,SBS39,84293.7774618605
HGG_7316-2189,SBS39,84249.5553970934
HGG_7316-45,SBS39,84081.8869711951
HGG_7316-71,SBS39,83905.6019475505
HGG_7316-445,SBS39,83830.3128035405
HGG_7316-114,SBS39,83772.3901330356
HGG_7316-870,SBS39,83732.5332244129
HGG_7316-339,SBS39,83425.6395735779
HGG_7316-409,SBS39,83329.8511487528
HGG_7316-903,SBS39,83215.8421402102
HGG_7316-204,SBS39,82894.8337644173
HGG_7316-1656,SBS39,82887.0237267889
HGG_7316-1956,SBS39,82489.013402658
HGG_7316-195,SBS39,82447.0924040205
HGG_7316-116,SBS39,82428.6651502565
HGG_7316-3625,SBS39,82278.2084519517
HGG_7316-89,SBS39,82118.2232109513
HGG_7316-2594,SBS39,82110.127279796
HGG_7316-515,SBS39,82101.0419485823
HGG_7316-8734,SBS9,81437.7876638095
HGG_7316-895,SBS39,81319.8934122688
HGG_7316-1746,SBS39,81024.8640166677
HGG_7316-913,SBS39,80304.6700471597
HGG_7316-4723,SBS9,79678.3305134639
HGG_7316-343,SBS9,78633.9640084913
HGG_7316-461,SBS9,78615.2532937293
HGG_7316-4942,SBS9,77900.0541352529
HGG_7316-4466,SBS9,77166.7320847759
HGG_7316-2274,SBS9,76764.5048132748
HGG_7316-5267,SBS9,76130.1884347878
HGG_7316-5087,SBS9,75986.9634905704
HGG_7316-2784,SBS9,75296.2436027185
HGG_7316-161,SBS9,74711.7295302324
HGG_7316-4337,SBS9,74344.4368787563
HGG_7316-2756,SBS9,74114.6712151996
HGG_7316-3000,SBS9,73938.0039766151
HGG_7316-3765,SBS9,73772.4860654418
HGG_7316-3022,SBS9,73548.3363788533
HGG_7316-4293,SBS9,73445.3697579875
HGG_7316-3935,SBS9,73351.3840003545
HGG_7316-4215,SBS9,73296.3559129339
HGG_7316-4347,SBS9,73010.3602499126
HGG_7316-3769,SBS9,72832.7150128753
HGG_7316-4516,SBS9,72810.2634004859
HGG_7316-3771,SBS9,72655.0911223821
HGG_7316-388,SBS9,72258.2157492666
HGG_7316-4993,SBS9,72197.6514382238
HGG_7316-2857,SBS9,71811.8485634222
HGG_7316-1085,SBS9,71745.2751441791
HGG_7316-3026,SBS9,71484.8937073287
HGG_7316-4432,SBS9,71463.1166159289
HGG_7316-3521,SBS9,71374.5178593062
HGG_7316-4678,SBS9,71196.9999563415
HGG_7316-3636,SBS9,71170.9158099079
HGG_7316-1946,SBS9,71164.631877689
HGG_7316-4552,SBS9,70966.9225377115
HGG_7316-34,SBS9,70257.3538539433
HGG_7316-3030,SBS9,69928.8691507933
HGG_7316-392,SBS9,69145.1302011181
HGG_7316-1763,SBS9,68905.7333994062
HGG_7316-466,SBS9,68592.0954584102
HGG_7316-204,SBS9,68475.6588619749
HGG_7316-339,SBS9,68382.1017833663
HGG_7316-116,SBS9,68156.448616971
HGG_7316-515,SBS9,68156.0338315698
HGG_7316-2176,SBS9,68047.5316951483
HGG_7316-2189,SBS9,67769.7007102991
HGG_7316-1774,SBS9,67738.289182002
HGG_7316-3625,SBS9,67709.7491972793
HGG_7316-2151,SBS9,67588.7296056108
HGG_7316-1956,SBS9,67563.0361868958
HGG_7316-2091,SBS9,67476.8337959528
HGG_7316-114,SBS9,67400.4486035726
HGG_7316-2594,SBS9,67373.520391843
HGG_7316-2781,SBS9,67188.2640901213
HGG_7316-3075,SBS9,66923.3856950219
HGG_7316-2140,SBS9,66805.9660136358
HGG_7316-212,SBS9,66719.4491314068
HGG_7316-1099,SBS9,66647.7041939751
HGG_7316-85,SBS9,66469.295056982
HGG_7316-913,SBS9,66468.4982583508
HGG_7316-2152,SBS9,66263.6882683262
HGG_7316-89,SBS9,66144.0206779576
HGG_7316-1746,SBS9,66067.8818660569
HGG_7316-895,SBS9,65612.5444994799
HGG_7316-45,SBS9,65507.4783873831
HGG_7316-194,SBS9,65459.1467712718
HGG_7316-195,SBS9,65434.9368565562
HGG_7316-71,SBS9,65396.6944707343
HGG_7316-1656,SBS9,65211.4475128372
HGG_7316-903,SBS9,65059.7919869235
HGG_7316-870,SBS9,65044.7214490175
HGG_7316-1106,SBS9,64774.008459394
HGG_7316-409,SBS9,64352.519483224
HGG_7316-445,SBS9,63836.1122605172
HGG_7316-4917,SBS19,57765.0444786833
HGG_7316-461,SBS19,56983.9205774639
HGG_7316-3000,SBS19,53073.5502592764
HGG_7316-161,SBS19,52974.7761486219
HGG_7316-8734,SBS19,52707.0371375688
HGG_7316-388,SBS19,51911.080431585
HGG_7316-466,SBS19,49656.0350381799
HGG_7316-1099,SBS19,49099.7448952939
HGG_7316-1656,SBS19,48948.5306711175
HGG_7316-1956,SBS19,48869.6467398783
HGG_7316-3030,SBS19,48825.2585804301
HGG_7316-2152,SBS19,48725.5991142265
HGG_7316-2151,SBS19,48620.6026035325
HGG_7316-445,SBS19,48513.5821875816
HGG_7316-1774,SBS19,48464.2319641334
HGG_7316-895,SBS19,48377.699282928
HGG_7316-45,SBS19,48246.8935987351
HGG_7316-2594,SBS19,48108.3686637452
HGG_7316-2781,SBS19,48090.5475984297
HGG_7316-4293,SBS19,48090.1433429464
HGG_7316-212,SBS19,48059.2546333038
HGG_7316-116,SBS19,47941.089016703
HGG_7316-1106,SBS19,47838.1553487067
HGG_7316-3625,SBS19,47785.6984878595
HGG_7316-4432,SBS19,47783.9864395718
HGG_7316-3075,SBS19,47779.2615366483
HGG_7316-204,SBS19,47751.6488656275
HGG_7316-2176,SBS19,47649.9823115039
HGG_7316-4552,SBS19,47648.037923022
HGG_7316-5267,SBS19,47643.290771315
HGG_7316-515,SBS19,47602.8482329269
HGG_7316-194,SBS19,47592.3783941637
HGG_7316-1746,SBS19,47560.9712537936
HGG_7316-4942,SBS19,47537.2697500657
HGG_7316-4516,SBS19,47501.9910775325
HGG_7316-4993,SBS19,47492.2052369772
HGG_7316-343,SBS19,47479.6030232436
HGG_7316-3636,SBS19,47479.1831368521
HGG_7316-114,SBS19,47460.6271072498
HGG_7316-3771,SBS19,47437.4538626495
HGG_7316-4337,SBS19,47432.5063747713
HGG_7316-903,SBS19,47400.418739269
HGG_7316-2140,SBS19,47338.2004652689
HGG_7316-34,SBS19,47337.8348426933
HGG_7316-5087,SBS19,47139.3041254546
HGG_7316-913,SBS19,47108.7167395961
HGG_7316-1946,SBS19,47100.809795772
HGG_7316-85,SBS19,46966.45148982
HGG_7316-4466,SBS19,46855.7002549127
HGG_7316-1085,SBS19,46814.1582497877
HGG_7316-2091,SBS19,46803.8159193506
HGG_7316-409,SBS19,46767.2358201391
HGG_7316-71,SBS19,46735.1724642262
HGG_7316-4723,SBS19,46659.9470227301
HGG_7316-3521,SBS19,46629.8915658362
HGG_7316-870,SBS19,46626.6219757548
HGG_7316-1763,SBS19,46572.081161733
HGG_7316-4347,SBS19,46471.3694317584
HGG_7316-2189,SBS19,46467.6667397682
HGG_7316-3935,SBS19,46233.3632203617
HGG_7316-195,SBS19,46166.0772539038
HGG_7316-4215,SBS19,46123.3553630585
HGG_7316-89,SBS19,46076.8611573741
HGG_7316-339,SBS19,46020.8895295273
HGG_7316-2857,SBS19,45923.9374280254
HGG_7316-3022,SBS19,45769.5431464691
HGG_7316-3026,SBS19,45714.7443668244
HGG_7316-4678,SBS19,45583.0861563551
HGG_7316-2756,SBS19,45566.5998266331
HGG_7316-392,SBS19,45557.2237463617
HGG_7316-3769,SBS19,45346.4039252431
HGG_7316-3765,SBS19,45155.6238754205
HGG_7316-2784,SBS19,45050.1079255807
HGG_7316-2274,SBS19,43796.9498549688
HGG_7316-461,SBS17a,33415.7632377673
HGG_7316-114,SBS37,33035.6678811219
HGG_7316-4917,SBS34,32863.7194906392
HGG_7316-8734,SBS17a,32702.4493106776
HGG_7316-4917,SBS17a,32474.7092919445
HGG_7316-161,SBS17a,32445.4022718593
HGG_7316-8734,SBS34,32307.7289086013
HGG_7316-3000,SBS17a,32122.0256896062
HGG_7316-461,SBS34,31706.637271857
HGG_7316-3625,SBS37,31641.1783194891
HGG_7316-204,SBS37,31339.9390546799
HGG_7316-388,SBS17a,31256.7130462452
HGG_7316-1774,SBS17a,31146.3064423456
HGG_7316-895,SBS17a,30801.745068732
HGG_7316-116,SBS17a,30796.6455138606
HGG_7316-445,SBS17a,30517.9304088055
HGG_7316-2152,SBS17a,30491.643782444
HGG_7316-3000,SBS34,30461.7933314507
HGG_7316-114,SBS17a,30219.316360781
HGG_7316-1746,SBS17a,30200.7725571598
HGG_7316-2151,SBS17a,30154.8712221688
HGG_7316-1956,SBS17a,30104.3122764094
HGG_7316-194,SBS17a,30080.3014509133
HGG_7316-2594,SBS17a,30008.0357706165
HGG_7316-1106,SBS17a,29990.2196296428
HGG_7316-5267,SBS17a,29945.3566627221
HGG_7316-2091,SBS17a,29906.0555581917
HGG_7316-3075,SBS17a,29656.429269971
HGG_7316-515,SBS17a,29653.3455526264
HGG_7316-161,SBS34,29651.7709777025
HGG_7316-1099,SBS17a,29650.5524068114
HGG_7316-913,SBS17a,29644.5575560577
HGG_7316-4993,SBS17a,29599.2291025125
HGG_7316-1656,SBS17a,29566.7839864911
HGG_7316-89,SBS17a,29562.8000160226
HGG_7316-212,SBS17a,29549.3414304203
HGG_7316-3636,SBS17a,29513.3018094957
HGG_7316-1763,SBS17a,29501.2633010179
HGG_7316-388,SBS34,29496.2832504848
HGG_7316-2176,SBS17a,29462.3971831136
HGG_7316-3771,SBS34,29453.5306389272
HGG_7316-71,SBS17a,29452.9690932813
HGG_7316-466,SBS17a,29451.1135236965
HGG_7316-85,SBS17a,29438.5690090814
HGG_7316-903,SBS17a,29410.6307224506
HGG_7316-45,SBS17a,29382.6831423462
HGG_7316-195,SBS17a,29337.0350813881
HGG_7316-3030,SBS17a,29322.048254839
HGG_7316-4552,SBS17a,29310.847295798
HGG_7316-409,SBS17a,29267.0853392348
HGG_7316-4723,SBS17a,29262.5961692368
HGG_7316-870,SBS17a,29252.364504393
HGG_7316-4942,SBS17a,29234.9943223654
HGG_7316-2781,SBS17a,29231.1144713683
HGG_7316-4678,SBS17a,29204.6428612895
HGG_7316-2140,SBS17a,29191.8211492438
HGG_7316-71,SBS37,29162.2503789663
HGG_7316-2189,SBS37,28949.5884100109
HGG_7316-5267,SBS34,28923.7068568377
HGG_7316-4337,SBS17a,28895.122492668
HGG_7316-34,SBS37,28857.9430240715
HGG_7316-5087,SBS17a,28849.8299336609
HGG_7316-4466,SBS17a,28837.4793264182
HGG_7316-204,SBS17a,28773.9445538893
HGG_7316-1774,SBS34,28754.6897502798
HGG_7316-85,SBS37,28753.0573868975
HGG_7316-3000,SBS37,28713.1141988286
HGG_7316-2189,SBS17a,28679.5889045914
HGG_7316-3625,SBS17a,28674.5123708192
HGG_7316-4993,SBS34,28511.4897383611
HGG_7316-4215,SBS17a,28429.4100553936
HGG_7316-3521,SBS34,28397.0485158633
HGG_7316-4432,SBS34,28389.3404640006
HGG_7316-339,SBS17a,28350.6356055014
HGG_7316-1656,SBS37,28347.6682326089
HGG_7316-204,SBS34,28190.963239946
HGG_7316-4432,SBS17a,28174.6040277492
HGG_7316-4516,SBS17a,28142.714913959
HGG_7316-3935,SBS34,28068.0437960989
HGG_7316-89,SBS34,28053.061497923
HGG_7316-2091,SBS34,28030.0035023438
HGG_7316-4293,SBS17a,28028.7136940007
HGG_7316-3771,SBS17a,28008.6445147078
HGG_7316-343,SBS34,28000.1785549038
HGG_7316-71,SBS34,27995.2103740195
HGG_7316-3625,SBS34,27987.2507482616
HGG_7316-89,SBS37,27971.8123771397
HGG_7316-4337,SBS34,27955.4844469799
HGG_7316-195,SBS34,27925.3769025422
HGG_7316-4347,SBS17a,27921.1744631401
HGG_7316-34,SBS34,27916.7249579727
HGG_7316-3026,SBS34,27885.8259177978
HGG_7316-2140,SBS34,27881.4144776567
HGG_7316-3769,SBS34,27880.3002828803
HGG_7316-3022,SBS34,27873.0463424993
HGG_7316-4552,SBS34,27855.9221147022
HGG_7316-1746,SBS37,27835.241914577
HGG_7316-4516,SBS34,27815.1289523693
HGG_7316-34,SBS17a,27800.3384232557
HGG_7316-2784,SBS34,27772.5096603304
HGG_7316-5087,SBS34,27738.2743541831
HGG_7316-1085,SBS34,27732.8491155435
HGG_7316-4347,SBS34,27730.4904048962
HGG_7316-913,SBS37,27728.6641005225
HGG_7316-3765,SBS34,27726.9266515042
HGG_7316-392,SBS34,27705.0409792636
HGG_7316-466,SBS34,27686.2045302478
HGG_7316-2274,SBS34,27665.8775443424
HGG_7316-3030,SBS34,27663.0337284942
HGG_7316-212,SBS34,27650.7328158062
HGG_7316-1746,SBS34,27636.228762377
HGG_7316-4678,SBS34,27628.3959424525
HGG_7316-2274,SBS37,27624.9913755862
HGG_7316-343,SBS17a,27620.3667908584
HGG_7316-3521,SBS17a,27612.1305199219
HGG_7316-1946,SBS34,27522.7429098611
HGG_7316-4293,SBS34,27513.3350956686
HGG_7316-2140,SBS37,27473.8501237681
HGG_7316-445,SBS37,27461.5214580586
HGG_7316-3935,SBS17a,27432.6375318322
HGG_7316-45,SBS34,27419.7092685195
HGG_7316-2756,SBS17a,27415.5024440956
HGG_7316-445,SBS34,27410.0307458519
HGG_7316-1099,SBS34,27407.1883833613
HGG_7316-116,SBS37,27389.8042440969
HGG_7316-3769,SBS17a,27387.9614444153
HGG_7316-3636,SBS34,27370.7276363754
HGG_7316-1656,SBS34,27365.074695766
HGG_7316-903,SBS34,27364.3552375881
HGG_7316-1946,SBS17a,27344.1371797037
HGG_7316-194,SBS34,27329.6440278368
HGG_7316-3022,SBS17a,27289.4257116203
HGG_7316-2857,SBS34,27277.8377282378
HGG_7316-409,SBS37,27218.5343273985
HGG_7316-2151,SBS34,27218.2531683564
HGG_7316-2756,SBS34,27202.5967809558
HGG_7316-409,SBS34,27182.5460562698
HGG_7316-2152,SBS34,27170.2385172972
HGG_7316-3026,SBS17a,27165.3616236485
HGG_7316-2189,SBS34,27160.8095511833
HGG_7316-2857,SBS17a,27145.9035898939
HGG_7316-114,SBS34,27142.44178061
HGG_7316-4942,SBS34,27139.1432440984
HGG_7316-4466,SBS34,27099.3113777505
HGG_7316-1956,SBS34,27041.1805765985
HGG_7316-913,SBS34,27030.9777950474
HGG_7316-3765,SBS17a,26944.8868675993
HGG_7316-515,SBS34,26911.4281029135
HGG_7316-2176,SBS34,26908.8585242758
HGG_7316-339,SBS34,26822.2348322152
HGG_7316-2784,SBS17a,26819.7435536765
HGG_7316-392,SBS17a,26803.0773951708
HGG_7316-2781,SBS37,26735.3299830518
HGG_7316-895,SBS34,26696.3008552752
HGG_7316-4723,SBS34,26688.9469937003
HGG_7316-870,SBS34,26687.6257318934
HGG_7316-1106,SBS34,26656.8541586215
HGG_7316-2594,SBS34,26652.726006341
HGG_7316-1085,SBS17a,26615.5350620445
HGG_7316-116,SBS34,26545.1565181064
HGG_7316-3075,SBS34,26544.293417287
HGG_7316-85,SBS34,26535.9011770776
HGG_7316-1763,SBS34,26399.6913309018
HGG_7316-2781,SBS34,26383.2838037211
HGG_7316-2274,SBS17a,26265.2873959794
HGG_7316-195,SBS37,26263.7221979182
HGG_7316-4215,SBS34,26152.3641898828
HGG_7316-1946,SBS37,26127.7632046565
HGG_7316-3075,SBS37,26022.5577605909
HGG_7316-1763,SBS37,25911.1320274612
HGG_7316-1106,SBS37,25760.4805786116
HGG_7316-466,SBS37,25659.5746569545
HGG_7316-1085,SBS37,25622.8837259488
HGG_7316-2091,SBS37,25571.366210711
HGG_7316-1774,SBS37,25468.1124179948
HGG_7316-339,SBS37,25463.2720165416
HGG_7316-870,SBS37,25439.6360648068
HGG_7316-212,SBS37,25184.6218807942
HGG_7316-3026,SBS37,25026.820247881
HGG_7316-903,SBS37,24945.6504201832
HGG_7316-388,SBS37,24628.7703866748
HGG_7316-1956,SBS37,24563.1527425988
HGG_7316-2176,SBS37,24523.4481510763
HGG_7316-2152,SBS37,24411.0301826749
HGG_7316-3030,SBS37,24339.1339188668
HGG_7316-3769,SBS37,24318.6550318341
HGG_7316-2594,SBS37,23771.7248198853
HGG_7316-515,SBS37,23698.9287299848
HGG_7316-194,SBS37,23571.3198850968
HGG_7316-45,SBS37,23458.2372087526
HGG_7316-3935,SBS37,23455.111946323
HGG_7316-1099,SBS37,23286.6323427499
HGG_7316-161,SBS37,23234.8711215586
HGG_7316-2151,SBS37,23003.8548915369
HGG_7316-3771,SBS37,22634.426216312
HGG_7316-392,SBS37,22408.7752035282
HGG_7316-895,SBS37,22322.656255628
HGG_7316-3521,SBS37,22117.5864153775
HGG_7316-4337,SBS37,21743.7435539071
HGG_7316-3636,SBS37,21436.8967165269
HGG_7316-2784,SBS37,21016.0874201065
HGG_7316-4678,SBS37,20823.9605281403
HGG_7316-4516,SBS37,20811.2558707559
HGG_7316-3022,SBS37,20806.6859715261
HGG_7316-5087,SBS37,20658.1022410398
HGG_7316-4993,SBS37,20549.7842344459
HGG_7316-5267,SBS37,20239.9570672766
HGG_7316-3765,SBS37,20164.7085483078
HGG_7316-4552,SBS37,20057.8035487036
HGG_7316-2857,SBS37,19857.6369438059
HGG_7316-4432,SBS37,19480.348463897
HGG_7316-4917,SBS37,19089.945828798
HGG_7316-895,SBS85,18969.9294090614
HGG_7316-2756,SBS37,18632.7879631962
HGG_7316-343,SBS37,18311.1598357638
HGG_7316-4466,SBS37,18122.6514400234
HGG_7316-461,SBS37,18122.3770528845
HGG_7316-4347,SBS37,17851.7010197386
HGG_7316-4293,SBS37,17788.1832986914
HGG_7316-8734,SBS37,16956.0184140329
HGG_7316-1106,SBS85,16900.9094170155
HGG_7316-1956,SBS85,16765.5187038041
HGG_7316-4215,SBS37,16432.6979947532
HGG_7316-2151,SBS85,16026.1199176937
HGG_7316-116,SBS85,15823.6372522582
HGG_7316-461,SBS85,14974.8983541216
HGG_7316-409,SBS85,14957.1307260885
HGG_7316-1099,SBS85,14073.802827172
HGG_7316-4917,SBS2,14060.785189589
HGG_7316-4466,SBS2,13977.3531587265
HGG_7316-4347,SBS20,13967.8099141425
HGG_7316-4723,SBS2,13960.8646952103
HGG_7316-4917,SBS20,13925.4302112796
HGG_7316-4678,SBS20,13880.8609518979
HGG_7316-2756,SBS20,13836.7888664986
HGG_7316-4942,SBS2,13721.3849526661
HGG_7316-2140,SBS2,13708.7183167188
HGG_7316-194,SBS85,13691.5650776614
HGG_7316-3000,SBS2,13626.1937678488
HGG_7316-4942,SBS37,13568.9293485626
HGG_7316-4432,SBS20,13499.2570708333
HGG_7316-2857,SBS20,13392.0159339777
HGG_7316-2152,SBS85,13384.4222989037
HGG_7316-116,SBS2,13330.9347215193
HGG_7316-1956,SBS2,13301.826698935
HGG_7316-89,SBS2,13290.3456022289
HGG_7316-461,SBS2,13273.0170564749
HGG_7316-895,SBS2,13240.9457731516
HGG_7316-4293,SBS20,13211.0500280655
HGG_7316-3769,SBS20,13168.5400883323
HGG_7316-1946,SBS20,13141.3282361357
HGG_7316-4466,SBS20,13140.1246716736
HGG_7316-1656,SBS85,13109.9151019324
HGG_7316-1099,SBS2,13108.8286004134
HGG_7316-1085,SBS20,13082.7271847102
HGG_7316-1763,SBS2,13082.0602554032
HGG_7316-3935,SBS20,13069.0742974917
HGG_7316-2151,SBS2,13066.050104092
HGG_7316-3022,SBS20,13057.0943478295
HGG_7316-5267,SBS20,13053.1521672342
HGG_7316-3636,SBS20,13042.4783075838
HGG_7316-5087,SBS2,13041.4983706483
HGG_7316-212,SBS2,13030.0148977462
HGG_7316-445,SBS2,13029.3036979338
HGG_7316-343,SBS20,13000.1750736284
HGG_7316-114,SBS2,12998.5334328006
HGG_7316-194,SBS2,12986.5144005279
HGG_7316-3026,SBS20,12968.0759356911
HGG_7316-2594,SBS85,12961.5757176917
HGG_7316-8734,SBS20,12958.7375925672
HGG_7316-409,SBS2,12949.511591882
HGG_7316-913,SBS2,12947.2643411309
HGG_7316-3075,SBS85,12943.7125321801
HGG_7316-1106,SBS2,12917.6814789844
HGG_7316-2189,SBS2,12902.3309895906
HGG_7316-2176,SBS2,12902.1721428908
HGG_7316-3521,SBS20,12892.0217142767
HGG_7316-3771,SBS20,12828.0465845005
HGG_7316-388,SBS2,12816.7553597773
HGG_7316-71,SBS2,12814.1779107236
HGG_7316-2091,SBS2,12772.4664859981
HGG_7316-161,SBS2,12765.4305395683
HGG_7316-1774,SBS2,12756.3855001337
HGG_7316-3030,SBS2,12728.7627641364
HGG_7316-461,SBS20,12704.4380408023
HGG_7316-85,SBS2,12702.8308376272
HGG_7316-1656,SBS2,12694.081854713
HGG_7316-45,SBS2,12679.5748417086
HGG_7316-34,SBS20,12671.9360654077
HGG_7316-2781,SBS20,12670.0132561997
HGG_7316-3075,SBS2,12663.1820148388
HGG_7316-2152,SBS2,12658.5258528184
HGG_7316-1106,SBS20,12613.101343157
HGG_7316-4215,SBS2,12604.6132307096
HGG_7316-903,SBS2,12587.8432251637
HGG_7316-5087,SBS20,12561.3025754126
HGG_7316-8734,SBS2,12527.417804078
HGG_7316-3030,SBS20,12523.3641711425
HGG_7316-2140,SBS20,12512.5622630074
HGG_7316-4552,SBS20,12502.0363271337
HGG_7316-2594,SBS2,12492.8344247759
HGG_7316-4293,SBS2,12471.1229484041
HGG_7316-339,SBS2,12464.8726607963
HGG_7316-4516,SBS2,12437.29848124
HGG_7316-515,SBS2,12434.5638155175
HGG_7316-204,SBS2,12421.1510877061
HGG_7316-195,SBS2,12403.1758155073
HGG_7316-3030,SBS85,12373.7738132193
HGG_7316-2756,SBS2,12369.048189916
HGG_7316-3075,SBS20,12359.7355854161
HGG_7316-194,SBS20,12324.7009703514
HGG_7316-1099,SBS20,12301.9820687832
HGG_7316-2781,SBS2,12230.2747716754
HGG_7316-4552,SBS2,12214.446041253
HGG_7316-466,SBS2,12209.838992356
HGG_7316-913,SBS20,12208.3670589957
HGG_7316-4993,SBS20,12201.9943173062
HGG_7316-3625,SBS2,12195.9123407583
HGG_7316-45,SBS20,12190.1189209393
HGG_7316-4942,SBS20,12186.3923402805
HGG_7316-204,SBS20,12185.3419825835
HGG_7316-515,SBS85,12179.3698684499
HGG_7316-85,SBS20,12177.717652818
HGG_7316-8734,SBS7c,12138.1722403118
HGG_7316-5267,SBS2,12124.1054244556
HGG_7316-116,SBS20,12102.7032363095
HGG_7316-3625,SBS20,12082.6754202392
HGG_7316-870,SBS2,12065.3757293331
HGG_7316-161,SBS20,12052.1946149979
HGG_7316-2857,SBS2,12027.9037120973
HGG_7316-1746,SBS2,12018.5350211057
HGG_7316-3636,SBS2,12006.662564797
HGG_7316-4516,SBS20,11956.7898610292
HGG_7316-4347,SBS2,11955.7034626681
HGG_7316-4337,SBS2,11952.1471891136
HGG_7316-4432,SBS2,11923.0212456124
HGG_7316-3765,SBS20,11918.9055197434
HGG_7316-195,SBS20,11918.528096697
HGG_7316-343,SBS2,11905.3404920268
HGG_7316-4723,SBS20,11900.8478991357
HGG_7316-388,SBS20,11861.1221174159
HGG_7316-2151,SBS20,11826.9321906995
HGG_7316-4337,SBS20,11817.7828091882
HGG_7316-114,SBS20,11809.8300146802
HGG_7316-89,SBS20,11795.1898954928
HGG_7316-4678,SBS2,11787.8711714522
HGG_7316-339,SBS20,11780.2236827006
HGG_7316-2091,SBS20,11750.3191992511
HGG_7316-212,SBS20,11736.1686877246
HGG_7316-3022,SBS2,11735.4187111589
HGG_7316-515,SBS20,11723.9291898658
HGG_7316-34,SBS2,11696.7856308182
HGG_7316-3026,SBS2,11694.0092619528
HGG_7316-2784,SBS2,11670.8097685483
HGG_7316-392,SBS20,11636.398855249
HGG_7316-2784,SBS20,11630.865650413
HGG_7316-3769,SBS2,11624.6136437416
HGG_7316-4723,SBS37,11615.705247034
HGG_7316-1746,SBS20,11588.2319833044
HGG_7316-2274,SBS2,11554.6893581897
HGG_7316-3521,SBS2,11536.1117446074
HGG_7316-895,SBS20,11506.3261257247
HGG_7316-3765,SBS2,11456.2853367812
HGG_7316-4993,SBS2,11448.6409596801
HGG_7316-3935,SBS2,11431.266961827
HGG_7316-1085,SBS2,11362.5492138938
HGG_7316-445,SBS85,11340.7642019416
HGG_7316-2274,SBS20,11331.6305809865
HGG_7316-4215,SBS20,11329.5396863898
HGG_7316-4552,SBS7c,11327.5251250409
HGG_7316-1946,SBS2,11319.016971136
HGG_7316-2189,SBS20,11300.7233431935
HGG_7316-445,SBS20,11285.8394871398
HGG_7316-466,SBS20,11259.7312530409
HGG_7316-2176,SBS20,11256.2193746132
HGG_7316-3771,SBS2,11253.7887171018
HGG_7316-392,SBS2,11249.9589631612
HGG_7316-409,SBS20,11207.6380482471
HGG_7316-1774,SBS20,11183.3210402072
HGG_7316-71,SBS20,11175.128716775
HGG_7316-3000,SBS20,11167.5150948355
HGG_7316-34,SBS7c,11165.1108611571
HGG_7316-903,SBS20,11124.1556116127
HGG_7316-89,SBS85,11035.9527582916
HGG_7316-1656,SBS20,11030.1649294118
HGG_7316-2152,SBS20,11012.4043103548
HGG_7316-1763,SBS85,10987.0847802406
HGG_7316-212,SBS85,10971.2240297006
HGG_7316-1956,SBS20,10968.4288547451
HGG_7316-2857,SBS7c,10954.0345066771
HGG_7316-114,SBS85,10937.0220243376
HGG_7316-392,SBS7c,10899.7752167852
HGG_7316-2091,SBS85,10846.1187475352
HGG_7316-870,SBS20,10774.7837021047
HGG_7316-339,SBS85,10717.4069665679
HGG_7316-2594,SBS20,10593.6793784065
HGG_7316-45,SBS85,10491.5154138867
HGG_7316-4993,SBS7c,10382.2249697905
HGG_7316-4678,SBS7c,10307.2676030835
HGG_7316-1774,SBS85,10248.8224576773
HGG_7316-161,SBS85,10222.8676133438
HGG_7316-3636,SBS7c,10178.1491384075
HGG_7316-3026,SBS7c,10152.6248172688
HGG_7316-913,SBS85,10099.2200487675
HGG_7316-1746,SBS85,10098.0216602916
HGG_7316-1763,SBS20,10049.8978820147
HGG_7316-4337,SBS7c,10022.8790837956
HGG_7316-466,SBS85,10020.4247366373
HGG_7316-3000,SBS7c,10007.4068833605
HGG_7316-2781,SBS85,9995.89373776434
HGG_7316-2176,SBS85,9933.59822017206
HGG_7316-1946,SBS7c,9877.16034750558
HGG_7316-388,SBS85,9867.18102246839
HGG_7316-4516,SBS7c,9852.71447935769
HGG_7316-343,SBS7c,9836.02454668823
HGG_7316-870,SBS85,9795.85159807932
HGG_7316-913,SBS7c,9704.8324663985
HGG_7316-204,SBS85,9696.67304625118
HGG_7316-71,SBS7c,9646.98165420464
HGG_7316-388,SBS7c,9645.64991997495
HGG_7316-8734,SBS28,9608.92798627047
HGG_7316-461,SBS28,9597.0817851269
HGG_7316-1085,SBS7c,9529.89967403663
HGG_7316-3769,SBS7c,9418.61333125268
HGG_7316-2189,SBS7c,9416.22930762572
HGG_7316-2176,SBS7c,9404.98692559464
HGG_7316-3022,SBS7c,9400.50335967188
HGG_7316-2781,SBS7c,9392.96300790511
HGG_7316-4917,SBS7c,9327.24959361697
HGG_7316-2784,SBS7c,9297.59673797459
HGG_7316-85,SBS7c,9288.20899723578
HGG_7316-161,SBS7c,9237.69364303272
HGG_7316-2274,SBS7c,9210.38937463409
HGG_7316-3521,SBS7c,9207.70917714824
HGG_7316-3771,SBS7c,9195.0832192928
HGG_7316-114,SBS7c,9169.10506683988
HGG_7316-903,SBS28,9037.76623512434
HGG_7316-2152,SBS28,9036.76232108185
HGG_7316-5267,SBS7c,8995.23289565005
HGG_7316-161,SBS28,8975.42332441603
HGG_7316-388,SBS28,8929.7771922315
HGG_7316-1774,SBS28,8898.28127638484
HGG_7316-1774,SBS7c,8886.51038241014
HGG_7316-445,SBS28,8875.02191680193
HGG_7316-3000,SBS28,8851.38921499987
HGG_7316-3765,SBS7c,8818.24660884
HGG_7316-1763,SBS7c,8810.7596081949
HGG_7316-4723,SBS7c,8806.97188266867
HGG_7316-3075,SBS28,8803.14188575707
HGG_7316-3935,SBS7c,8791.86433783662
HGG_7316-4917,SBS28,8778.75521621324
HGG_7316-3625,SBS7c,8773.38352120707
HGG_7316-4993,SBS28,8746.66897344766
HGG_7316-2594,SBS28,8718.73596066839
HGG_7316-4215,SBS7c,8715.26452850204
HGG_7316-895,SBS28,8711.26255733446
HGG_7316-2091,SBS7c,8704.63784083769
HGG_7316-870,SBS28,8648.71522149308
HGG_7316-1746,SBS28,8641.13202532256
HGG_7316-3771,SBS28,8638.84126881062
HGG_7316-1656,SBS28,8586.65157529209
HGG_7316-4466,SBS7c,8561.23888304188
HGG_7316-85,SBS85,8503.01954058482
HGG_7316-3030,SBS28,8502.80177434157
HGG_7316-409,SBS28,8484.72962624791
HGG_7316-116,SBS28,8476.82322569711
HGG_7316-2140,SBS7c,8469.14318119533
HGG_7316-212,SBS7c,8461.51083212942
HGG_7316-1099,SBS28,8453.04445967797
HGG_7316-1746,SBS7c,8440.37662579341
HGG_7316-2140,SBS85,8418.41256194734
HGG_7316-2151,SBS28,8417.06956263469
HGG_7316-2784,SBS28,8404.25371590852
HGG_7316-1106,SBS28,8394.76940072982
HGG_7316-339,SBS7c,8383.1874361862
HGG_7316-195,SBS28,8374.93318751288
HGG_7316-5087,SBS7c,8372.31559993308
HGG_7316-85,SBS28,8359.11916033216
HGG_7316-204,SBS7c,8356.26998383502
HGG_7316-515,SBS7c,8351.19125044394
HGG_7316-212,SBS28,8344.00937023429
HGG_7316-2091,SBS28,8343.17375635001
HGG_7316-45,SBS7c,8340.78398843535
HGG_7316-3000,SBS85,8309.01109892628
HGG_7316-2189,SBS85,8279.34524563935
HGG_7316-4432,SBS28,8269.94408353836
HGG_7316-3521,SBS28,8266.57230733388
HGG_7316-3026,SBS28,8264.80199866012
HGG_7316-3022,SBS28,8261.54513297939
HGG_7316-466,SBS7c,8229.76308669266
HGG_7316-392,SBS28,8214.97348507573
HGG_7316-445,SBS7c,8181.54168107026
HGG_7316-2189,SBS28,8174.73522073175
HGG_7316-903,SBS7c,8148.4860459357
HGG_7316-4516,SBS28,8125.36129913413
HGG_7316-461,SBS7c,8117.1007938554
HGG_7316-71,SBS28,8096.43467970446
HGG_7316-3935,SBS28,8093.8269068124
HGG_7316-195,SBS7c,8084.07425837499
HGG_7316-194,SBS28,8005.20437972456
HGG_7316-913,SBS28,8004.65724933227
HGG_7316-903,SBS85,8002.04277868158
HGG_7316-3030,SBS7c,7998.75112208368
HGG_7316-2756,SBS28,7985.01019301217
HGG_7316-2151,SBS7c,7974.73725361349
HGG_7316-466,SBS28,7953.15061669161
HGG_7316-45,SBS28,7937.78680786579
HGG_7316-3625,SBS28,7933.25610898042
HGG_7316-1956,SBS28,7930.15480956863
HGG_7316-1956,SBS7c,7928.5709853613
HGG_7316-114,SBS28,7916.30131916908
HGG_7316-34,SBS28,7908.7340797228
HGG_7316-1763,SBS28,7898.92281180555
HGG_7316-1656,SBS7c,7875.44395378648
HGG_7316-4678,SBS28,7867.78376023792
HGG_7316-116,SBS7c,7815.67738249698
HGG_7316-2781,SBS28,7804.44390825329
HGG_7316-4552,SBS28,7803.18418480596
HGG_7316-2176,SBS28,7800.91869168628
HGG_7316-339,SBS28,7789.83643960113
HGG_7316-89,SBS28,7788.76852281804
HGG_7316-870,SBS7c,7772.96605365472
HGG_7316-515,SBS28,7752.36316377692
HGG_7316-1946,SBS28,7745.40224663267
HGG_7316-2140,SBS28,7730.67366003918
HGG_7316-3765,SBS28,7727.0043544296
HGG_7316-409,SBS7c,7715.05678554184
HGG_7316-4432,SBS7c,7712.20968900692
HGG_7316-2152,SBS7c,7705.64880128794
HGG_7316-2857,SBS28,7693.84184066376
HGG_7316-2594,SBS7c,7690.2395632708
HGG_7316-5267,SBS28,7638.14839012037
HGG_7316-2756,SBS7c,7627.6691769811
HGG_7316-3769,SBS28,7602.21237864144
HGG_7316-4293,SBS7c,7590.1366708341
HGG_7316-4942,SBS7c,7581.80182424721
HGG_7316-2274,SBS28,7565.29500586181
HGG_7316-204,SBS28,7548.07269468029
HGG_7316-4293,SBS28,7546.28989197346
HGG_7316-1085,SBS28,7525.80588074304
HGG_7316-89,SBS7c,7512.74403694655
HGG_7316-1099,SBS7c,7506.82608845521
HGG_7316-3636,SBS28,7378.1427620243
HGG_7316-4215,SBS28,7369.20447815047
HGG_7316-195,SBS85,7367.25720356326
HGG_7316-4347,SBS7c,7322.73609193946
HGG_7316-3075,SBS7c,7261.01027145213
HGG_7316-5087,SBS28,7258.24973207711
HGG_7316-4942,SBS28,7175.57088765391
HGG_7316-4347,SBS28,6985.89336048525
HGG_7316-343,SBS28,6915.62409300282
HGG_7316-3625,SBS85,6885.39211303424
HGG_7316-4723,SBS28,6823.19397511322
HGG_7316-4337,SBS28,6806.29016537548
HGG_7316-895,SBS7c,6720.01686771925
HGG_7316-4466,SBS28,6677.3960195706
HGG_7316-1106,SBS7c,6104.32960443846
HGG_7316-194,SBS7c,5919.56064491135
HGG_7316-4337,SBS44,5377.32056672734
HGG_7316-71,SBS85,4837.42809685217
HGG_7316-1763,SBS44,4723.20979829378
HGG_7316-8734,SBS85,4348.00399326091
HGG_7316-4942,SBS85,3848.38008250299
HGG_7316-4723,SBS85,3642.41016733965
HGG_7316-4552,SBS44,3480.82542724097
HGG_7316-2176,SBS44,3172.32578169038
HGG_7316-3000,SBS44,3047.80823575897
HGG_7316-903,SBS44,2748.77877885931
HGG_7316-3636,SBS44,2682.97871290186
HGG_7316-8734,SBS44,2643.6575121247
HGG_7316-445,SBS44,2629.94926215995
HGG_7316-1956,SBS44,2562.99576929331
HGG_7316-2594,SBS44,2422.56702770636
HGG_7316-34,SBS85,2345.41987061037
HGG_7316-4215,SBS44,2262.66197776484
HGG_7316-392,SBS85,2104.52363172179
HGG_7316-2274,SBS44,1948.33086334671
HGG_7316-5267,SBS85,1883.16497882459
HGG_7316-388,SBS44,1873.04761640738
HGG_7316-466,SBS44,1832.4417764587
HGG_7316-4516,SBS44,1802.03612266126
HGG_7316-34,SBS44,1784.85918760625
HGG_7316-1774,SBS44,1763.23087495598
HGG_7316-4993,SBS85,1751.83304831732
HGG_7316-45,SBS44,1677.19408418934
HGG_7316-3765,SBS44,1613.4500325431
HGG_7316-2756,SBS90,1488.9771312029
HGG_7316-4552,SBS85,1379.94714296378
HGG_7316-392,SBS44,1366.73507523724
HGG_7316-4215,SBS85,1357.57003861374
HGG_7316-89,SBS44,1350.21217833738
HGG_7316-4993,SBS44,1222.03318357447
HGG_7316-870,SBS44,1128.9182325315
HGG_7316-4516,SBS85,1095.83981850204
HGG_7316-116,SBS44,1018.60232121911
HGG_7316-913,SBS44,965.112887314837
HGG_7316-1656,SBS44,959.343837343348
HGG_7316-2091,SBS44,946.622693598249
HGG_7316-3935,SBS90,942.717947195399
HGG_7316-515,SBS44,925.693040677662
HGG_7316-1946,SBS85,924.461544292004
HGG_7316-2152,SBS44,924.110838857063
HGG_7316-8734,SBS90,893.77096798138
HGG_7316-3636,SBS90,884.685475054783
HGG_7316-5267,SBS44,880.872240796074
HGG_7316-195,SBS44,880.727962916375
HGG_7316-1946,SBS90,873.860384078204
HGG_7316-4723,SBS90,858.714696289272
HGG_7316-114,SBS44,841.939414383711
HGG_7316-4293,SBS90,802.098522836791
HGG_7316-4347,SBS90,774.036000583883
HGG_7316-4917,SBS85,720.571635390865
HGG_7316-85,SBS44,683.821601041182
HGG_7316-3030,SBS44,673.914409826745
HGG_7316-4678,SBS44,669.323468669881
HGG_7316-2756,SBS44,662.806845286008
HGG_7316-4293,SBS44,642.420878827219
HGG_7316-1085,SBS90,586.488243484994
HGG_7316-2781,SBS44,569.074309637382
HGG_7316-1099,SBS44,565.838450019207
HGG_7316-3026,SBS90,500.649548418028
HGG_7316-5087,SBS85,460.161621381539
HGG_7316-212,SBS44,454.343256877839
HGG_7316-466,SBS90,450.234140959817
HGG_7316-4432,SBS90,430.893627289819
HGG_7316-2176,SBS90,420.755564471645
HGG_7316-3022,SBS90,401.58780279003
HGG_7316-339,SBS90,382.800452286621
HGG_7316-71,SBS44,362.761004765399
HGG_7316-2784,SBS90,357.078333988556
HGG_7316-3765,SBS90,352.805195546132
HGG_7316-3769,SBS90,337.469743216303
HGG_7316-392,SBS90,337.330576284137
HGG_7316-4678,SBS90,305.075235353426
HGG_7316-3771,SBS90,243.117705820304
HGG_7316-4215,SBS90,210.963536719572
HGG_7316-3771,SBS44,209.912218578287
HGG_7316-4917,SBS90,177.006498641673
HGG_7316-895,SBS44,166.083481239166
HGG_7316-2857,SBS90,164.598876985032
HGG_7316-2151,SBS44,156.12763198473
HGG_7316-5267,SBS90,141.385479330757
HGG_7316-34,SBS90,132.1336413433
HGG_7316-3521,SBS90,120.798731169585
HGG_7316-388,SBS90,116.705448652184
HGG_7316-4337,SBS90,97.1301341298864
HGG_7316-71,SBS90,94.1690953253179
HGG_7316-5087,SBS44,53.94057254761
HGG_7316-204,SBS90,25.5101314257037
HGG_7316-3030,SBS90,6.17661453600164
HGG_7316-3026,SBS44,2.6647418412172
Medu_7316-182,SBS1,350151.017926462
Medu_7316-182,SBS2,11984.7776169435
Medu_7316-182,SBS5,2202215.30451877
Medu_7316-182,SBS7c,11368.6304906651
Medu_7316-182,SBS9,80034.8721080499
Medu_7316-182,SBS17a,27231.3928461028
Medu_7316-182,SBS19,44857.3098828051
Medu_7316-182,SBS20,12478.8180688911
Medu_7316-182,SBS26,465410.010542907
Medu_7316-182,SBS28,7046.30550689171
Medu_7316-182,SBS32,217197.502616435
Medu_7316-182,SBS33,127446.627617914
Medu_7316-182,SBS34,27167.7971800002
Medu_7316-182,SBS37,22465.3522827939
Medu_7316-182,SBS39,85888.0170247578
Medu_7316-182,SBS44,424.772631662554
Medu_7316-182,SBS85,256.010680244425
Medu_7316-182,SBS87,87300.668245127
Medu_7316-182,SBS89,238393.408447668
No_V,SBS1,350284.217496711
No_V,SBS2,11509.427446213
No_V,SBS5,2209343.22505667
No_V,SBS7c,13004.3678089649
No_V,SBS9,68938.47244636
No_V,SBS17a,28048.4946335732
No_V,SBS19,45189.2791142329
No_V,SBS20,12528.7851121089
No_V,SBS26,465452.077563505
No_V,SBS28,8045.2432846746
No_V,SBS32,216638.034635759
No_V,SBS33,127396.17075619
No_V,SBS34,27715.6180349311
No_V,SBS37,24032.4618213386
No_V,SBS39,90527.65459638
No_V,SBS44,1106.67248548301
No_V,SBS85,3719.37705320766
No_V,SBS87,87036.9264310709
No_V,SBS89,232638.290001744
Pit,SBS1,399366.018155662
Pit,SBS2,13344.1056653678
Pit,SBS5,2490539.23154499
Pit,SBS7c,8356.37287534129
Pit,SBS9,72876.7332539973
Pit,SBS17a,31675.3059647305
Pit,SBS19,52492.1836597293
Pit,SBS20,12237.2266735827
Pit,SBS26,515961.22243513
Pit,SBS28,8106.68864203117
Pit,SBS32,240603.774838317
Pit,SBS33,141249.009892339
Pit,SBS34,30535.5484100986
Pit,SBS37,26929.9459765687
Pit,SBS39,91652.0465661745
Pit,SBS85,12509.4523788561
Pit,SBS87,97709.4303626013
Pit,SBS89,261423.450292667
Dysp,SBS1,355977.127227987
Dysp,SBS2,12516.3234025008
Dysp,SBS5,2228660.64866051
Dysp,SBS7c,8779.43587389316
Dysp,SBS9,67916.0874793898
Dysp,SBS17a,29635.3469978031
Dysp,SBS19,47785.3761980867
Dysp,SBS20,11782.3943314743
Dysp,SBS26,469916.325635821
Dysp,SBS28,8217.19800297579
Dysp,SBS32,221150.295179257
Dysp,SBS33,130340.59641265
Dysp,SBS34,27620.9546629478
Dysp,SBS37,28661.7898015361
Dysp,SBS39,84967.4866261861
Dysp,SBS44,312.288152531797
Dysp,SBS85,10812.9644593779
Dysp,SBS87,87155.5450639854
Dysp,SBS89,250430.135378381
Dysp,SBS90,75.8592913006012
