EP_7316-6283,SBS5,85327.8731550551
EP_7316-2666,SBS5,76700.0382757099
EP_7316-189,SBS5,73489.8433201034
EP_7316-3069,SBS5,70404.9678657421
EP_7316-2858,SBS5,69677.8538032271
EP_7316-3631,SBS5,69466.0561172554
EP_7316-111,SBS5,68714.7509406955
EP_7316-1786,SBS5,64512.8561303382
EP_7316-2558,SBS5,64257.3415828611
EP_7316-2648,SBS5,63113.1837637195
EP_7316-1961,SBS5,62108.127154551
EP_7316-405,SBS5,61688.4283299997
EP_7316-3755,SBS5,60599.6556889339
EP_7316-2267,SBS5,59829.087713057
EP_7316-1642,SBS5,59285.5350507877
EP_7316-3299,SBS5,58995.0518171835
EP_7316-2138,SBS5,58483.0328903872
EP_7316-47,SBS5,58394.3437261024
EP_7316-1955,SBS5,58277.3620580397
EP_7316-2266,SBS5,58175.9736836792
EP_7316-2170,SBS89,57169.5068272128
EP_7316-2278,SBS5,56868.3224259526
EP_7316-429,SBS5,56829.4777607992
EP_7316-904,SBS5,56469.0082437003
EP_7316-88,SBS5,56224.763037237
EP_7316-889,SBS89,56090.6496242444
EP_7316-1706,SBS5,55843.066168795
EP_7316-1944,SBS5,55653.061381827
EP_7316-966,SBS89,55364.8358883747
EP_7316-3516,SBS5,55272.7610184856
EP_7316-384,SBS5,55214.974179244
EP_7316-2182,SBS89,55159.4556310277
EP_7316-160,SBS89,55124.1732828119
EP_7316-198,SBS5,54867.690783338
EP_7316-3,SBS89,53653.0041045451
EP_7316-3893,SBS5,53475.5286177492
EP_7316-2567,SBS89,53304.7130852561
EP_7316-2757,SBS5,53029.6805697608
EP_7316-2144,SBS89,52679.2338150554
EP_7316-1969,SBS5,52488.1069925475
EP_7316-2156,SBS5,52308.8611020551
EP_7316-2726,SBS5,52291.1933772173
EP_7316-2313,SBS5,52192.4483883742
EP_7316-3624,SBS5,52047.5566555837
EP_7316-1641,SBS89,51995.4839783123
EP_7316-1976,SBS89,51921.7132077401
EP_7316-1641,SBS5,51701.9038437788
EP_7316-1107,SBS5,51622.7789031679
EP_7316-1642,SBS89,51472.9352886116
EP_7316-2138,SBS89,51234.5003311068
EP_7316-496,SBS89,51122.9940280736
EP_7316-174,SBS5,50974.2641024377
EP_7316-455,SBS89,50882.9742329225
EP_7316-2144,SBS5,50667.5255175734
EP_7316-174,SBS89,50636.1875195658
EP_7316-872,SBS5,50322.9235287653
EP_7316-455,SBS5,50126.4037756237
EP_7316-2567,SBS5,50036.736611004
EP_7316-496,SBS5,49977.8174841157
EP_7316-1976,SBS5,49691.2679436788
EP_7316-454,SBS89,49655.6741289199
EP_7316-929,SBS89,49628.9255458783
EP_7316-3624,SBS89,49590.5343810722
EP_7316-904,SBS89,49516.8221381088
EP_7316-1078,SBS89,49171.7125957182
EP_7316-429,SBS89,48990.5594680772
EP_7316-2170,SBS5,48685.1181670391
EP_7316-873,SBS89,48571.5648612258
EP_7316-1078,SBS5,48315.3811225249
EP_7316-889,SBS5,48177.9890096785
EP_7316-873,SBS5,48111.5809437152
EP_7316-929,SBS5,48097.0082480146
EP_7316-88,SBS89,48094.5689988033
EP_7316-405,SBS89,48034.6832977787
EP_7316-160,SBS5,48014.1691317948
EP_7316-2156,SBS89,47885.2988565767
EP_7316-1706,SBS89,47740.6655422049
EP_7316-189,SBS89,47552.3188987052
EP_7316-3299,SBS89,47528.7321489585
EP_7316-966,SBS5,46472.2899556846
EP_7316-2726,SBS89,46453.3143456644
EP_7316-1961,SBS89,46334.4940415719
EP_7316-1955,SBS89,46132.1626034301
EP_7316-1969,SBS89,45992.2152151645
EP_7316-1107,SBS89,45839.869568905
EP_7316-2313,SBS89,45798.8643799147
EP_7316-3,SBS5,45373.2796520656
EP_7316-384,SBS89,45044.6582871454
EP_7316-872,SBS89,44576.9943478978
EP_7316-454,SBS5,44318.1045044034
EP_7316-2666,SBS89,43834.4297603257
EP_7316-2278,SBS40,42277.3863491682
EP_7316-2182,SBS5,42211.6910356019
EP_7316-2266,SBS40,41795.8385322744
EP_7316-2267,SBS40,41757.4559971178
EP_7316-1944,SBS89,41672.8177789849
EP_7316-2558,SBS40,40653.5408609733
EP_7316-3069,SBS40,40497.9841670364
EP_7316-6283,SBS40,39779.7227366645
EP_7316-3631,SBS89,39503.9404118765
EP_7316-47,SBS89,39315.9079743628
EP_7316-2648,SBS40,38495.0800710467
EP_7316-3516,SBS40,37700.1375978162
EP_7316-2858,SBS40,36582.9554800158
EP_7316-2138,SBS40,36483.6820596872
EP_7316-3893,SBS40,35817.0853730022
EP_7316-3755,SBS40,35709.2679106741
EP_7316-1786,SBS40,35649.9229044988
EP_7316-2757,SBS40,35304.383256764
EP_7316-2170,SBS40,35203.357027509
EP_7316-872,SBS40,34561.6003503049
EP_7316-198,SBS40,34509.999932679
EP_7316-6283,SBS89,34289.0935416745
EP_7316-111,SBS40,34061.7833299318
EP_7316-2313,SBS40,34021.7128181917
EP_7316-2144,SBS40,33989.2065354412
EP_7316-929,SBS40,33949.1514447655
EP_7316-3,SBS40,33788.187494967
EP_7316-2156,SBS40,33449.4339816053
EP_7316-2757,SBS89,33014.7613376569
EP_7316-2666,SBS40,32799.5475311884
EP_7316-88,SBS40,32678.9306376753
EP_7316-454,SBS40,32622.0515791523
EP_7316-1786,SBS89,32574.9911279351
EP_7316-1078,SBS40,32157.7193702662
EP_7316-1944,SBS40,32067.5705352153
EP_7316-1969,SBS40,31802.9142470863
EP_7316-160,SBS40,31635.7801100711
EP_7316-1107,SBS40,31584.691290435
EP_7316-1955,SBS40,31484.6196754112
EP_7316-2567,SBS40,31342.4892030919
EP_7316-1961,SBS40,31290.6061628286
EP_7316-2858,SBS89,31126.8507680997
EP_7316-455,SBS40,30894.8455817452
EP_7316-3299,SBS40,30872.8551116339
EP_7316-966,SBS40,30828.8940626194
EP_7316-873,SBS40,30827.5393265106
EP_7316-2726,SBS40,30787.8901800281
EP_7316-47,SBS40,30672.9206616452
EP_7316-189,SBS40,30434.5104221425
EP_7316-174,SBS40,30427.9076508125
EP_7316-2648,SBS89,30324.1271236091
EP_7316-2182,SBS40,30301.5994224471
EP_7316-1706,SBS40,30274.9635261799
EP_7316-111,SBS89,30271.3834727676
EP_7316-496,SBS40,30212.1661066747
EP_7316-904,SBS40,30163.648204683
EP_7316-1642,SBS40,30061.9877074963
EP_7316-3516,SBS89,29988.0072138369
EP_7316-2278,SBS89,29466.0863765286
EP_7316-1641,SBS40,29351.937982121
EP_7316-384,SBS40,29348.8549791113
EP_7316-3069,SBS89,28822.7207636484
EP_7316-2266,SBS89,28674.4908802313
EP_7316-889,SBS40,28593.4052374715
EP_7316-3624,SBS40,28140.2194248822
EP_7316-3631,SBS40,28129.0193112779
EP_7316-198,SBS89,28009.1725489661
EP_7316-3893,SBS89,27991.4468984407
EP_7316-429,SBS40,27642.3270067026
EP_7316-2267,SBS89,27594.7883550128
EP_7316-3755,SBS89,27324.1551565221
EP_7316-2558,SBS89,27040.4533468791
EP_7316-1976,SBS40,26135.3144921478
EP_7316-405,SBS40,25352.2411440721
EP_7316-1955,SBS85,18751.8544666218
EP_7316-1078,SBS85,17804.8510552746
EP_7316-2858,SBS26,17542.0595445777
EP_7316-2144,SBS85,17534.4532537352
EP_7316-1107,SBS85,17049.0814376887
EP_7316-872,SBS85,16919.6875790551
EP_7316-3,SBS85,16917.5332747153
EP_7316-2170,SBS85,16442.529943481
EP_7316-2558,SBS26,16234.0504785785
EP_7316-429,SBS85,16170.1066193345
EP_7316-6283,SBS26,16100.6311353986
EP_7316-2267,SBS26,16072.4592635647
EP_7316-1642,SBS26,15907.6143722835
EP_7316-3069,SBS26,15671.5748324319
EP_7316-2666,SBS26,15391.0962578705
EP_7316-2138,SBS85,15231.2238889303
EP_7316-2666,SBS1,14932.1497906167
EP_7316-1786,SBS37,14853.2442298209
EP_7316-3631,SBS26,14848.3221765883
EP_7316-3755,SBS26,14837.1110629402
EP_7316-3299,SBS26,14672.2835972345
EP_7316-6283,SBS1,14595.1854796875
EP_7316-160,SBS85,14549.1628297415
EP_7316-966,SBS85,14543.2737130214
EP_7316-2182,SBS85,14525.9128891176
EP_7316-2278,SBS26,14514.8653914639
EP_7316-2567,SBS85,14449.663752064
EP_7316-174,SBS85,14397.5799319443
EP_7316-1961,SBS26,14313.1392733347
EP_7316-2156,SBS85,14287.9465779398
EP_7316-2266,SBS26,14227.2509023221
EP_7316-455,SBS85,14184.6779221678
EP_7316-929,SBS85,14181.7287798679
EP_7316-3516,SBS26,14105.8388955061
EP_7316-1706,SBS26,14039.2953954076
EP_7316-873,SBS85,13945.5382751539
EP_7316-189,SBS26,13901.1995535333
EP_7316-2648,SBS26,13711.3566315706
EP_7316-1976,SBS85,13681.6281894607
EP_7316-88,SBS85,13653.8624754146
EP_7316-2156,SBS26,13653.1273286923
EP_7316-2138,SBS26,13521.5612076556
EP_7316-1969,SBS26,13518.2032814816
EP_7316-1642,SBS85,13488.8518817286
EP_7316-160,SBS26,13472.1999505234
EP_7316-454,SBS26,13453.3839699607
EP_7316-966,SBS26,13451.4563512689
EP_7316-2858,SBS1,13445.7587624045
EP_7316-2726,SBS26,13441.7690199169
EP_7316-1969,SBS85,13381.0659515361
EP_7316-3893,SBS26,13370.5837415428
EP_7316-189,SBS1,13356.9760888177
EP_7316-889,SBS85,13346.9716493571
EP_7316-1944,SBS26,13283.003003471
EP_7316-904,SBS26,13281.9625978798
EP_7316-429,SBS26,13216.6786200981
EP_7316-384,SBS85,13192.8664673501
EP_7316-189,SBS85,13181.382400477
EP_7316-384,SBS26,13152.77723379
EP_7316-1976,SBS26,13107.4207158035
EP_7316-2144,SBS26,13098.7656047019
EP_7316-174,SBS26,13060.8580056228
EP_7316-454,SBS85,13058.4977995488
EP_7316-2182,SBS26,13045.6627978052
EP_7316-3624,SBS26,12990.3771624178
EP_7316-496,SBS85,12946.4380440674
EP_7316-2313,SBS26,12906.4644253905
EP_7316-1641,SBS26,12899.4074989442
EP_7316-1642,SBS1,12866.4282133134
EP_7316-1641,SBS85,12808.2691941012
EP_7316-198,SBS26,12803.2999380328
EP_7316-496,SBS26,12797.9805899933
EP_7316-3069,SBS1,12771.7104376884
EP_7316-455,SBS26,12767.1683672382
EP_7316-3299,SBS85,12714.3771355911
EP_7316-872,SBS26,12710.1557795291
EP_7316-1961,SBS85,12690.4902131172
EP_7316-3631,SBS1,12682.4358232729
EP_7316-1955,SBS26,12651.2184512361
EP_7316-405,SBS26,12631.0094956965
EP_7316-1944,SBS85,12562.5674152994
EP_7316-2567,SBS26,12524.5171583281
EP_7316-111,SBS1,12497.8444342556
EP_7316-88,SBS26,12418.6572300705
EP_7316-929,SBS26,12378.2362539173
EP_7316-2170,SBS26,11995.3383577068
EP_7316-3,SBS26,11991.043719523
EP_7316-3624,SBS85,11894.9201105355
EP_7316-2558,SBS1,11862.9306290505
EP_7316-904,SBS85,11853.4136179023
EP_7316-2726,SBS85,11843.8945171184
EP_7316-2313,SBS85,11832.7452215151
EP_7316-111,SBS37,11824.5068785686
EP_7316-1961,SBS1,11785.4973907517
EP_7316-405,SBS85,11774.5663966836
EP_7316-2138,SBS1,11773.3659641745
EP_7316-47,SBS26,11748.866350878
EP_7316-873,SBS26,11718.0624379398
EP_7316-2666,SBS85,11665.1666863349
EP_7316-2267,SBS1,11624.1581327641
EP_7316-3755,SBS1,11608.5341397653
EP_7316-2757,SBS26,11518.6758925416
EP_7316-198,SBS37,11470.3221458955
EP_7316-3299,SBS1,11446.482993571
EP_7316-1786,SBS1,11444.5909587655
EP_7316-889,SBS26,11431.2098239392
EP_7316-889,SBS37,11430.9388911007
EP_7316-2648,SBS1,11427.4834394447
EP_7316-2156,SBS1,11425.2071790794
EP_7316-2266,SBS1,11378.2031030819
EP_7316-1107,SBS26,11374.1170728862
EP_7316-1955,SBS1,11360.4925052919
EP_7316-904,SBS1,11360.3989173801
EP_7316-1944,SBS1,11351.4248331513
EP_7316-429,SBS1,11272.9831923857
EP_7316-111,SBS26,11245.3912333444
EP_7316-384,SBS1,11227.1130277218
EP_7316-2278,SBS1,11207.2713301724
EP_7316-1078,SBS26,11111.1271495604
EP_7316-405,SBS1,11103.9044831572
EP_7316-160,SBS1,11097.9949601638
EP_7316-1641,SBS1,11049.5689013723
EP_7316-3516,SBS1,11008.4251272004
EP_7316-2313,SBS1,10926.7743733552
EP_7316-2757,SBS37,10906.5521136247
EP_7316-174,SBS1,10902.461138461
EP_7316-2726,SBS1,10840.4308241564
EP_7316-1706,SBS85,10802.857952073
EP_7316-2757,SBS1,10655.9912038927
EP_7316-2567,SBS1,10641.7642082477
EP_7316-496,SBS1,10616.625268703
EP_7316-88,SBS1,10613.3838388507
EP_7316-3624,SBS1,10517.0373599397
EP_7316-455,SBS1,10465.6517131564
EP_7316-3893,SBS1,10460.6087143559
EP_7316-1078,SBS1,10460.4962103561
EP_7316-198,SBS1,10460.2084834304
EP_7316-47,SBS1,10413.76697932
EP_7316-929,SBS1,10378.7674026578
EP_7316-47,SBS85,10308.4000699682
EP_7316-1969,SBS1,10306.4404472683
EP_7316-872,SBS1,10306.1355508143
EP_7316-1107,SBS1,10299.6078040685
EP_7316-1706,SBS1,10194.1176434094
EP_7316-2144,SBS1,10175.7609994686
EP_7316-889,SBS1,10147.7283671944
EP_7316-2170,SBS1,10127.9521152847
EP_7316-3,SBS1,10083.8726363332
EP_7316-1976,SBS1,10052.8454064203
EP_7316-966,SBS1,9825.96137572843
EP_7316-873,SBS1,9768.38177185235
EP_7316-3893,SBS37,9600.33191214692
EP_7316-2182,SBS1,9499.93741014424
EP_7316-6283,SBS37,9497.69544290037
EP_7316-3631,SBS85,9489.25118337736
EP_7316-454,SBS1,9487.83831178088
EP_7316-1786,SBS26,9376.59388977855
EP_7316-496,SBS37,9239.84854158963
EP_7316-47,SBS37,9232.50653299699
EP_7316-2567,SBS37,9200.30422657397
EP_7316-1706,SBS37,9125.42920828897
EP_7316-2144,SBS6,9093.01315139101
EP_7316-189,SBS6,9083.46278294364
EP_7316-2648,SBS37,9010.9858423975
EP_7316-3516,SBS37,8990.7945937344
EP_7316-904,SBS37,8988.67203843723
EP_7316-2726,SBS37,8988.30055023598
EP_7316-2313,SBS37,8858.41142185545
EP_7316-2266,SBS37,8842.58220319729
EP_7316-3624,SBS37,8837.19193837176
EP_7316-966,SBS6,8831.16332672539
EP_7316-2858,SBS37,8767.74689426337
EP_7316-2170,SBS6,8726.1482656362
EP_7316-1641,SBS37,8715.36785003987
EP_7316-2858,SBS6,8650.71660879809
EP_7316-2278,SBS37,8622.12498895887
EP_7316-2182,SBS6,8602.23408559242
EP_7316-496,SBS6,8590.58706456705
EP_7316-2558,SBS37,8545.37150266031
EP_7316-160,SBS37,8511.0101581953
EP_7316-455,SBS37,8507.8386437221
EP_7316-2138,SBS6,8437.98037812532
EP_7316-1706,SBS6,8409.30385122193
EP_7316-3069,SBS37,8404.67821475838
EP_7316-455,SBS6,8392.78032763198
EP_7316-1976,SBS6,8389.8419860679
EP_7316-3755,SBS37,8317.11012236948
EP_7316-1961,SBS6,8246.66230326893
EP_7316-1642,SBS6,8233.67329301147
EP_7316-405,SBS6,8228.77298362369
EP_7316-160,SBS6,8200.29600319741
EP_7316-2567,SBS6,8185.85963459167
EP_7316-2267,SBS6,8180.64717354784
EP_7316-1969,SBS6,8167.83933769634
EP_7316-454,SBS6,8162.44042485816
EP_7316-873,SBS37,8160.23153023328
EP_7316-405,SBS37,8146.59093504315
EP_7316-174,SBS6,8088.26817254346
EP_7316-966,SBS37,8077.0167423189
EP_7316-1642,SBS37,8075.798960372
EP_7316-2726,SBS6,8053.71517510925
EP_7316-2558,SBS6,7997.97284881437
EP_7316-1944,SBS37,7972.18972523483
EP_7316-88,SBS6,7964.42325912645
EP_7316-2170,SBS37,7958.77887922281
EP_7316-2313,SBS6,7935.66205151828
EP_7316-2666,SBS6,7935.52488072169
EP_7316-3299,SBS6,7912.86350160787
EP_7316-189,SBS37,7912.20280044458
EP_7316-2558,SBS33,7908.59803355513
EP_7316-6283,SBS85,7899.5515355055
EP_7316-904,SBS6,7868.76356905279
EP_7316-2182,SBS37,7857.67136466326
EP_7316-1976,SBS37,7852.85676196073
EP_7316-2558,SBS39,7850.05210772612
EP_7316-2138,SBS37,7843.82562859498
EP_7316-2757,SBS39,7808.0202650654
EP_7316-454,SBS37,7767.86947476026
EP_7316-2267,SBS37,7766.75378230649
EP_7316-2278,SBS6,7751.53273381285
EP_7316-2156,SBS6,7741.10935943352
EP_7316-384,SBS6,7739.49580844193
EP_7316-2858,SBS39,7733.57238537939
EP_7316-872,SBS6,7694.75782898427
EP_7316-873,SBS6,7681.58822440662
EP_7316-3,SBS6,7670.31009319049
EP_7316-1641,SBS6,7668.41374333388
EP_7316-929,SBS37,7662.71789139812
EP_7316-2666,SBS37,7583.26694992901
EP_7316-429,SBS6,7571.46270500437
EP_7316-929,SBS6,7571.46014546678
EP_7316-1078,SBS6,7566.54303536561
EP_7316-198,SBS39,7553.95897931451
EP_7316-889,SBS6,7521.63673557374
EP_7316-47,SBS6,7498.94169973599
EP_7316-2267,SBS33,7481.4716568903
EP_7316-2666,SBS33,7450.91710597989
EP_7316-88,SBS37,7442.51652986739
EP_7316-2858,SBS33,7426.31268357414
EP_7316-3624,SBS6,7410.47611385391
EP_7316-3,SBS37,7387.14393318639
EP_7316-1961,SBS37,7380.12372488363
EP_7316-1955,SBS6,7321.3350361204
EP_7316-1969,SBS37,7303.90880561718
EP_7316-3755,SBS6,7288.49735322991
EP_7316-2648,SBS6,7228.30012096043
EP_7316-2266,SBS6,7115.53836369152
EP_7316-3755,SBS39,7109.00499846285
EP_7316-198,SBS8,7074.4628488061
EP_7316-3631,SBS37,7068.90376875442
EP_7316-189,SBS33,7033.80496980597
EP_7316-2266,SBS33,7026.97026791575
EP_7316-2170,SBS33,6917.66833858497
EP_7316-1642,SBS33,6898.95952153406
EP_7316-2648,SBS33,6878.85278319927
EP_7316-3516,SBS6,6840.54834454855
EP_7316-1944,SBS6,6821.99161444929
EP_7316-3893,SBS39,6784.85093666824
EP_7316-3631,SBS6,6758.37638690398
EP_7316-872,SBS32,6712.75563948492
EP_7316-3516,SBS33,6686.85199800916
EP_7316-2138,SBS33,6663.72172059187
EP_7316-3755,SBS33,6647.1180350069
EP_7316-2757,SBS85,6639.49437257763
EP_7316-3069,SBS33,6633.98301902162
EP_7316-1786,SBS33,6610.85380606865
EP_7316-2156,SBS37,6588.7884378088
EP_7316-3069,SBS6,6569.49586772786
EP_7316-2858,SBS85,6569.02076882948
EP_7316-1107,SBS6,6511.27365613068
EP_7316-904,SBS33,6471.70310003097
EP_7316-405,SBS33,6467.56694438362
EP_7316-6283,SBS33,6461.33634553548
EP_7316-2666,SBS32,6454.80820524469
EP_7316-6283,SBS32,6444.6562342409
EP_7316-2278,SBS33,6425.59870814498
EP_7316-384,SBS37,6418.59320730649
EP_7316-88,SBS33,6379.38849966544
EP_7316-1961,SBS33,6362.14936484098
EP_7316-1641,SBS33,6356.34085494172
EP_7316-429,SBS33,6348.99675740577
EP_7316-160,SBS33,6343.42755763165
EP_7316-2567,SBS33,6337.67641275437
EP_7316-2156,SBS33,6337.18266248224
EP_7316-198,SBS6,6330.48501505887
EP_7316-1944,SBS32,6319.28362809162
EP_7316-429,SBS37,6319.05066052107
EP_7316-174,SBS33,6279.7206260195
EP_7316-1961,SBS32,6250.22251675795
EP_7316-455,SBS33,6248.4423153607
EP_7316-3893,SBS6,6243.98631984457
EP_7316-1955,SBS32,6235.23498071575
EP_7316-198,SBS33,6213.63324163991
EP_7316-2267,SBS39,6209.56914726284
EP_7316-3069,SBS32,6185.4592092179
EP_7316-174,SBS37,6184.9844677188
EP_7316-3893,SBS33,6183.21631576164
EP_7316-966,SBS33,6173.92982591147
EP_7316-496,SBS33,6163.68111012717
EP_7316-3299,SBS33,6163.59361581695
EP_7316-3631,SBS33,6163.17758278417
EP_7316-3755,SBS85,6159.97711976994
EP_7316-1078,SBS37,6157.20455395798
EP_7316-929,SBS33,6145.91944533161
EP_7316-1969,SBS33,6141.89778408917
EP_7316-111,SBS33,6134.97941509492
EP_7316-2144,SBS33,6114.99531965521
EP_7316-873,SBS33,6095.709165412
EP_7316-189,SBS32,6093.32510668974
EP_7316-1786,SBS6,6091.92303184952
EP_7316-2144,SBS37,6082.90859581514
EP_7316-1078,SBS33,6074.33914698656
EP_7316-384,SBS33,6072.59311866395
EP_7316-111,SBS85,6070.44292626631
EP_7316-1976,SBS33,6069.4679871756
EP_7316-1944,SBS33,6062.26995594398
EP_7316-1107,SBS33,6058.66243302457
EP_7316-3,SBS33,6056.63131679928
EP_7316-889,SBS33,6035.34649551187
EP_7316-3069,SBS87,6031.08952434405
EP_7316-2313,SBS33,6024.61486666622
EP_7316-872,SBS33,6020.92913233503
EP_7316-189,SBS87,5998.0891545872
EP_7316-3624,SBS33,5993.47807344812
EP_7316-3516,SBS39,5966.32349784888
EP_7316-2182,SBS33,5947.02847561047
EP_7316-2726,SBS33,5934.04105728656
EP_7316-2757,SBS6,5922.95233983775
EP_7316-3631,SBS32,5911.44099611645
EP_7316-1642,SBS32,5896.76004774558
EP_7316-1955,SBS33,5895.68974561644
EP_7316-111,SBS39,5895.28278793953
EP_7316-2858,SBS19,5887.97660358947
EP_7316-3299,SBS37,5880.08863248155
EP_7316-2858,SBS87,5866.33657153915
EP_7316-1706,SBS33,5832.67223972047
EP_7316-6283,SBS6,5830.15056898987
EP_7316-454,SBS33,5824.83501156013
EP_7316-2278,SBS85,5824.12611734853
EP_7316-1642,SBS19,5814.1597764729
EP_7316-1786,SBS39,5811.36650365473
EP_7316-2666,SBS19,5809.13504346211
EP_7316-47,SBS33,5805.54263561913
EP_7316-429,SBS32,5783.31866258571
EP_7316-2138,SBS32,5767.95720041821
EP_7316-2648,SBS39,5761.8264438414
EP_7316-2156,SBS32,5752.9057716033
EP_7316-2726,SBS32,5723.34675880051
EP_7316-3893,SBS8,5693.60739715761
EP_7316-1944,SBS19,5686.57177895233
EP_7316-889,SBS19,5627.34092106113
EP_7316-2278,SBS32,5619.94759712103
EP_7316-2266,SBS32,5613.14528492065
EP_7316-2757,SBS33,5588.54100419386
EP_7316-2567,SBS19,5586.6125268329
EP_7316-2858,SBS32,5582.77698788414
EP_7316-189,SBS19,5579.04034485398
EP_7316-6283,SBS19,5574.45497258697
EP_7316-904,SBS19,5554.14217059355
EP_7316-47,SBS32,5539.50088350878
EP_7316-3755,SBS8,5497.78627293185
EP_7316-1107,SBS32,5497.40826953313
EP_7316-1078,SBS32,5493.08455013348
EP_7316-2138,SBS19,5459.88245702402
EP_7316-88,SBS32,5436.42372984674
EP_7316-160,SBS19,5431.39262321356
EP_7316-429,SBS19,5426.2062531993
EP_7316-3755,SBS19,5382.45110695375
EP_7316-1706,SBS32,5366.73878936553
EP_7316-873,SBS32,5359.89453049582
EP_7316-1976,SBS19,5343.54875718401
EP_7316-2313,SBS32,5342.06899888886
EP_7316-2558,SBS32,5325.32996335417
EP_7316-2558,SBS87,5310.80638195997
EP_7316-1078,SBS19,5291.66545959531
EP_7316-2266,SBS85,5291.1965222178
EP_7316-405,SBS87,5287.72270361462
EP_7316-2726,SBS19,5282.7514009385
EP_7316-384,SBS32,5270.15217325831
EP_7316-3624,SBS19,5270.14446010568
EP_7316-1969,SBS32,5267.37067736598
EP_7316-2648,SBS87,5265.61541291075
EP_7316-3893,SBS85,5249.25760555546
EP_7316-6283,SBS87,5243.66900886842
EP_7316-3516,SBS85,5227.35479547057
EP_7316-2267,SBS8,5227.18558522011
EP_7316-198,SBS85,5212.98093456585
EP_7316-2266,SBS87,5200.62374422253
EP_7316-174,SBS19,5199.22032095664
EP_7316-455,SBS32,5197.96487593378
EP_7316-1641,SBS19,5186.23781580053
EP_7316-2156,SBS19,5185.53946903634
EP_7316-2726,SBS39,5180.24182733963
EP_7316-2648,SBS85,5179.47569961795
EP_7316-455,SBS19,5169.41187379502
EP_7316-2266,SBS39,5162.30891216564
EP_7316-929,SBS32,5156.28887149108
EP_7316-384,SBS19,5148.71823801345
EP_7316-3516,SBS19,5139.92256259408
EP_7316-160,SBS32,5133.14619401757
EP_7316-872,SBS37,5132.94533052761
EP_7316-872,SBS19,5129.41908625799
EP_7316-966,SBS19,5109.4226051688
EP_7316-111,SBS6,5106.24291267482
EP_7316-2666,SBS87,5073.17927825094
EP_7316-454,SBS19,5064.1882857261
EP_7316-3299,SBS32,5057.65886821155
EP_7316-111,SBS32,5050.271564121
EP_7316-2144,SBS87,5049.32951834496
EP_7316-6283,SBS39,5035.55900871359
EP_7316-3755,SBS87,5019.65362739452
EP_7316-872,SBS87,5014.13895729593
EP_7316-1955,SBS19,5011.75780729125
EP_7316-88,SBS19,5008.81021925864
EP_7316-2558,SBS19,5008.48743888432
EP_7316-1944,SBS39,4999.88944717687
EP_7316-1706,SBS19,4973.68997283371
EP_7316-1961,SBS19,4969.67138360621
EP_7316-198,SBS19,4963.95864248321
EP_7316-3516,SBS8,4962.21057179837
EP_7316-929,SBS19,4958.79991597723
EP_7316-2266,SBS19,4951.51950828557
EP_7316-174,SBS32,4951.09305940194
EP_7316-496,SBS19,4938.4667369772
EP_7316-2267,SBS87,4932.27607482406
EP_7316-3893,SBS19,4929.88122823125
EP_7316-2267,SBS32,4926.03134880547
EP_7316-3893,SBS32,4925.61968697722
EP_7316-2138,SBS87,4923.67508184657
EP_7316-2313,SBS19,4917.8781283847
EP_7316-1786,SBS85,4916.0549730774
EP_7316-2648,SBS8,4911.08902921093
EP_7316-429,SBS87,4910.33568650829
EP_7316-2858,SBS8,4905.52922380492
EP_7316-3631,SBS19,4904.01445246335
EP_7316-2648,SBS32,4896.8346840195
EP_7316-3,SBS19,4878.54573692885
EP_7316-2144,SBS19,4877.5953960513
EP_7316-198,SBS32,4873.06743366773
EP_7316-1969,SBS19,4847.6933601815
EP_7316-454,SBS32,4832.33647884
EP_7316-111,SBS19,4825.34101525478
EP_7316-1786,SBS19,4823.61196282536
EP_7316-2144,SBS32,4801.10339491896
EP_7316-2278,SBS87,4795.81642871331
EP_7316-3516,SBS87,4781.90570503652
EP_7316-2182,SBS19,4780.07234101202
EP_7316-3069,SBS85,4774.14645918551
EP_7316-3069,SBS19,4746.3302374587
EP_7316-496,SBS32,4742.8233736699
EP_7316-47,SBS19,4705.72161445522
EP_7316-2170,SBS32,4663.76925147099
EP_7316-3516,SBS32,4657.74127219163
EP_7316-1642,SBS87,4656.88988599383
EP_7316-2267,SBS19,4651.17427494034
EP_7316-3299,SBS19,4648.55462360317
EP_7316-3631,SBS87,4644.5151284079
EP_7316-3624,SBS87,4609.85848736958
EP_7316-904,SBS32,4602.53481290859
EP_7316-2567,SBS32,4599.59577370983
EP_7316-1107,SBS19,4598.58714738328
EP_7316-1976,SBS87,4595.92448516433
EP_7316-1969,SBS87,4594.13291954263
EP_7316-3069,SBS39,4589.94508962153
EP_7316-873,SBS19,4585.13464218703
EP_7316-405,SBS19,4576.66145308215
EP_7316-3299,SBS87,4560.45112732637
EP_7316-1641,SBS32,4553.47514545964
EP_7316-3893,SBS87,4540.43729749599
EP_7316-2313,SBS87,4533.99289880062
EP_7316-2757,SBS19,4520.23652752999
EP_7316-160,SBS87,4511.05628202568
EP_7316-2278,SBS39,4509.79077422332
EP_7316-2558,SBS8,4480.21479187424
EP_7316-454,SBS87,4476.34780113135
EP_7316-3755,SBS32,4475.9657086238
EP_7316-2278,SBS19,4460.98814152725
EP_7316-3,SBS32,4458.08169476491
EP_7316-174,SBS87,4453.82673980669
EP_7316-47,SBS39,4445.68949949279
EP_7316-3,SBS87,4428.83468978548
EP_7316-2170,SBS19,4427.18969940525
EP_7316-1706,SBS87,4417.20312434431
EP_7316-88,SBS87,4414.77446938977
EP_7316-1976,SBS32,4410.54521857772
EP_7316-3624,SBS32,4390.96498852422
EP_7316-111,SBS87,4383.05275933651
EP_7316-1107,SBS37,4376.36662810699
EP_7316-405,SBS32,4367.08481641496
EP_7316-2170,SBS17a,4350.91733334515
EP_7316-1786,SBS32,4345.8318682773
EP_7316-198,SBS87,4322.72156295045
EP_7316-2567,SBS87,4319.29365326305
EP_7316-1955,SBS87,4315.36167394091
EP_7316-966,SBS32,4290.92101854793
EP_7316-2648,SBS19,4284.80741391048
EP_7316-1107,SBS87,4279.01723716298
EP_7316-2757,SBS8,4278.56111999165
EP_7316-1786,SBS87,4276.94670406692
EP_7316-6283,SBS8,4274.99809110537
EP_7316-1078,SBS87,4261.57649565893
EP_7316-2558,SBS85,4252.63734476226
EP_7316-455,SBS87,4250.23687947641
EP_7316-2170,SBS87,4248.16130602374
EP_7316-2267,SBS85,4245.02191616735
EP_7316-2666,SBS39,4226.31482875984
EP_7316-384,SBS87,4205.49219008243
EP_7316-889,SBS87,4203.08394588252
EP_7316-2182,SBS87,4091.85372649889
EP_7316-2726,SBS87,4070.48346131018
EP_7316-1955,SBS37,4046.13041131883
EP_7316-2182,SBS32,3999.49145769976
EP_7316-1642,SBS39,3996.82237706533
EP_7316-47,SBS87,3982.01669921005
EP_7316-966,SBS87,3968.11756286493
EP_7316-3624,SBS39,3951.38868759956
EP_7316-160,SBS17a,3904.60195320989
EP_7316-2278,SBS8,3888.42613865842
EP_7316-929,SBS87,3885.84934632966
EP_7316-2266,SBS8,3885.30542207887
EP_7316-1961,SBS87,3879.37246837688
EP_7316-1641,SBS87,3826.44042826002
EP_7316-1944,SBS87,3823.36957954563
EP_7316-889,SBS32,3819.30655369932
EP_7316-174,SBS17a,3818.78781233318
EP_7316-2182,SBS17a,3761.53864311403
EP_7316-889,SBS17a,3755.98591598001
EP_7316-904,SBS39,3747.51894880443
EP_7316-496,SBS87,3735.40678768844
EP_7316-198,SBS30,3726.64956741954
EP_7316-1641,SBS17a,3708.24277755924
EP_7316-2757,SBS32,3705.16174993898
EP_7316-2313,SBS39,3700.10449453736
EP_7316-966,SBS17a,3655.44602396936
EP_7316-873,SBS87,3651.20601840563
EP_7316-2567,SBS17a,3637.16423545158
EP_7316-2144,SBS17a,3629.03703327625
EP_7316-1976,SBS17a,3621.21930860548
EP_7316-904,SBS87,3604.13523912527
EP_7316-454,SBS17a,3584.63765898698
EP_7316-2156,SBS39,3580.53308470259
EP_7316-1642,SBS17a,3579.5846825949
EP_7316-2156,SBS87,3550.41224172992
EP_7316-429,SBS29,3549.3193977341
EP_7316-455,SBS17a,3546.22071012825
EP_7316-2170,SBS7b,3531.38165745514
EP_7316-384,SBS39,3514.52297042101
EP_7316-2156,SBS17a,3485.21733451294
EP_7316-1078,SBS29,3483.34740519054
EP_7316-111,SBS8,3481.62253063107
EP_7316-873,SBS17a,3464.57479844205
EP_7316-3893,SBS30,3455.37105855592
EP_7316-2757,SBS30,3437.32015290186
EP_7316-2138,SBS17a,3427.36164412183
EP_7316-3,SBS7b,3424.91894505752
EP_7316-3,SBS17a,3398.9821390854
EP_7316-3631,SBS39,3372.75204182867
EP_7316-429,SBS17a,3356.11688951753
EP_7316-496,SBS17a,3344.46307271349
EP_7316-2858,SBS30,3339.68374305636
EP_7316-1955,SBS29,3330.5469438186
EP_7316-904,SBS17a,3328.63384147615
EP_7316-929,SBS17a,3304.33338114357
EP_7316-496,SBS39,3274.39679687957
EP_7316-189,SBS39,3251.759813422
EP_7316-1976,SBS7b,3227.80906331757
EP_7316-3624,SBS17a,3223.83279602755
EP_7316-455,SBS7b,3221.44038663035
EP_7316-160,SBS7b,3220.80545989
EP_7316-2567,SBS7b,3204.94955150913
EP_7316-2182,SBS7b,3204.86611729945
EP_7316-405,SBS17a,3199.58109671467
EP_7316-2558,SBS25,3186.3957026543
EP_7316-1961,SBS17a,3164.99695303783
EP_7316-966,SBS7b,3143.17650530049
EP_7316-2144,SBS7b,3141.15141912028
EP_7316-1107,SBS17a,3141.0225662128
EP_7316-2666,SBS17a,3136.54649512272
EP_7316-189,SBS17a,3105.54363249295
EP_7316-1642,SBS7b,3094.01578637606
EP_7316-3299,SBS17a,3082.26540302315
EP_7316-3755,SBS30,3074.96757932888
EP_7316-2757,SBS87,3074.46155009156
EP_7316-1641,SBS39,3072.55828801329
EP_7316-1955,SBS17a,3051.69659522531
EP_7316-1706,SBS17a,3051.43995957898
EP_7316-88,SBS17a,3045.13385968311
EP_7316-889,SBS7b,3033.55804109922
EP_7316-2726,SBS17a,3028.02194088337
EP_7316-1969,SBS7b,3027.94672752032
EP_7316-1969,SBS39,3015.09160844102
EP_7316-1976,SBS29,3003.23114681997
EP_7316-1969,SBS17a,2999.14281368608
EP_7316-2144,SBS29,2991.6695490757
EP_7316-384,SBS17a,2977.70948090102
EP_7316-1078,SBS17a,2964.00961628315
EP_7316-1641,SBS7b,2963.31355762059
EP_7316-160,SBS39,2960.44372096617
EP_7316-496,SBS7b,2949.00430008597
EP_7316-2144,SBS39,2940.84795349673
EP_7316-929,SBS7b,2940.56703273047
EP_7316-3299,SBS7b,2935.87308192073
EP_7316-1706,SBS7b,2925.32702857204
EP_7316-429,SBS7b,2914.32635673613
EP_7316-1944,SBS17a,2898.84023984032
EP_7316-2156,SBS29,2890.06929717457
EP_7316-1961,SBS39,2867.36928720781
EP_7316-454,SBS7b,2863.75389372691
EP_7316-873,SBS7b,2863.50501491323
EP_7316-405,SBS7b,2849.86838470685
EP_7316-1976,SBS39,2846.44227485773
EP_7316-3069,SBS8,2839.16530096923
EP_7316-1706,SBS39,2836.9963131491
EP_7316-1107,SBS7b,2836.09164268715
EP_7316-873,SBS29,2824.65312281738
EP_7316-47,SBS17a,2812.1986101263
EP_7316-88,SBS39,2810.918510726
EP_7316-872,SBS29,2798.82480089226
EP_7316-2558,SBS30,2787.75491156086
EP_7316-454,SBS39,2776.49232997785
EP_7316-455,SBS39,2757.72925823677
EP_7316-405,SBS39,2755.06574038843
EP_7316-2567,SBS29,2754.74910791183
EP_7316-88,SBS7b,2753.3284274864
EP_7316-3516,SBS30,2725.36151157553
EP_7316-872,SBS17a,2712.76809505638
EP_7316-2726,SBS7b,2691.71079108403
EP_7316-904,SBS7b,2690.07390126413
EP_7316-454,SBS29,2688.56059012803
EP_7316-2138,SBS7b,2688.46170976152
EP_7316-2267,SBS30,2687.88371272101
EP_7316-111,SBS30,2686.9051707232
EP_7316-1786,SBS30,2681.26391733169
EP_7316-2313,SBS17a,2645.82611595973
EP_7316-2138,SBS39,2642.59551309232
EP_7316-1961,SBS7b,2630.39467722688
EP_7316-1944,SBS29,2629.61205859508
EP_7316-2156,SBS7b,2625.27248489967
EP_7316-3,SBS29,2607.34216885613
EP_7316-1642,SBS29,2594.71790542265
EP_7316-1107,SBS29,2585.25445635895
EP_7316-872,SBS7b,2581.07916504279
EP_7316-889,SBS39,2579.5138533714
EP_7316-1944,SBS7b,2565.77704051344
EP_7316-2313,SBS7b,2558.43464662253
EP_7316-1078,SBS7b,2546.08423388481
EP_7316-1641,SBS29,2545.83110964691
EP_7316-966,SBS39,2544.1048091686
EP_7316-1955,SBS7b,2539.28362564071
EP_7316-873,SBS39,2528.29868847405
EP_7316-3631,SBS17a,2527.64873187927
EP_7316-2182,SBS91,2523.37160328041
EP_7316-174,SBS7b,2514.62886733795
EP_7316-429,SBS39,2466.43497303465
EP_7316-1107,SBS39,2443.93129434903
EP_7316-384,SBS7b,2433.77529362476
EP_7316-6283,SBS17a,2413.56206104099
EP_7316-160,SBS29,2397.80772536952
EP_7316-1955,SBS39,2384.22058338375
EP_7316-2138,SBS10b,2383.27681098287
EP_7316-1969,SBS29,2378.23292733506
EP_7316-2666,SBS29,2377.94587631203
EP_7316-2170,SBS91,2358.81113615002
EP_7316-2313,SBS29,2348.36719170658
EP_7316-47,SBS7b,2336.94417143456
EP_7316-496,SBS29,2320.28935269913
EP_7316-1961,SBS29,2315.64442251506
EP_7316-3624,SBS7b,2294.5189825981
EP_7316-189,SBS7b,2285.0255223603
EP_7316-1078,SBS39,2284.55269529085
EP_7316-2170,SBS29,2278.28620341244
EP_7316-3299,SBS29,2265.98665220598
EP_7316-3,SBS91,2265.1817510083
EP_7316-1078,SBS10b,2265.1130046933
EP_7316-929,SBS39,2256.42593023194
EP_7316-198,SBS10b,2247.61493891242
EP_7316-1786,SBS8,2238.60872640382
EP_7316-189,SBS29,2226.2331009481
EP_7316-2858,SBS10b,2225.41478612947
EP_7316-2567,SBS39,2211.77853752729
EP_7316-2648,SBS30,2195.93221959657
EP_7316-2138,SBS29,2191.48239867306
EP_7316-872,SBS10b,2178.28739275149
EP_7316-189,SBS10b,2172.19855767086
EP_7316-384,SBS29,2154.85938484413
EP_7316-2182,SBS29,2129.90383389043
EP_7316-88,SBS29,2129.59055165824
EP_7316-174,SBS29,2128.41424659113
EP_7316-2266,SBS10b,2124.55294366819
EP_7316-2666,SBS10b,2123.93107776909
EP_7316-2170,SBS10b,2115.90153265774
EP_7316-3516,SBS10b,2113.90437040756
EP_7316-2267,SBS10b,2113.5416558044
EP_7316-872,SBS39,2093.05526112419
EP_7316-2182,SBS39,2079.81720165889
EP_7316-3,SBS10b,2061.67867762802
EP_7316-3299,SBS39,2057.66515482581
EP_7316-174,SBS10b,2049.70195749124
EP_7316-966,SBS10b,2027.55832228756
EP_7316-47,SBS29,2008.17604115636
EP_7316-2648,SBS10b,2007.7017547834
EP_7316-3,SBS39,2006.63585844239
EP_7316-6283,SBS10b,2003.13332832403
EP_7316-2266,SBS30,1995.78593311908
EP_7316-455,SBS29,1992.863026012
EP_7316-1107,SBS10b,1991.64823089321
EP_7316-2182,SBS10b,1981.9892576267
EP_7316-2567,SBS10b,1978.3111367803
EP_7316-1955,SBS10b,1975.81839212303
EP_7316-2558,SBS10b,1971.00894317114
EP_7316-889,SBS10b,1964.12768936736
EP_7316-3893,SBS10b,1959.21195368545
EP_7316-3069,SBS10b,1948.48347273217
EP_7316-1786,SBS10b,1941.94492889212
EP_7316-929,SBS29,1940.23013805519
EP_7316-496,SBS10b,1934.70971326964
EP_7316-429,SBS10b,1934.4312585662
EP_7316-111,SBS17a,1932.68600532855
EP_7316-6283,SBS30,1932.56992786938
EP_7316-2156,SBS10b,1921.52967960681
EP_7316-405,SBS10b,1914.53429882023
EP_7316-966,SBS29,1914.50268287126
EP_7316-1642,SBS10b,1911.12230530886
EP_7316-2757,SBS17a,1910.30878343415
EP_7316-3069,SBS30,1908.23693627013
EP_7316-2558,SBS17a,1900.3988099222
EP_7316-174,SBS39,1879.77734306622
EP_7316-1976,SBS10b,1877.28377292745
EP_7316-3755,SBS10b,1849.12094495458
EP_7316-2266,SBS17a,1838.58999567425
EP_7316-88,SBS10b,1827.2067662683
EP_7316-1786,SBS17a,1826.40258629075
EP_7316-160,SBS10b,1821.5954882193
EP_7316-2757,SBS10b,1819.96250685251
EP_7316-904,SBS10b,1813.47827239438
EP_7316-2858,SBS17a,1808.368872538
EP_7316-1706,SBS10b,1797.79946813873
EP_7316-2666,SBS7b,1796.72453959695
EP_7316-6283,SBS44,1783.98755795387
EP_7316-2278,SBS10b,1771.79796142517
EP_7316-111,SBS10b,1763.75307669067
EP_7316-2726,SBS29,1758.38730425814
EP_7316-455,SBS10b,1755.75616256558
EP_7316-929,SBS10b,1754.63663276114
EP_7316-2144,SBS91,1752.06124699663
EP_7316-3069,SBS17a,1740.68804543404
EP_7316-2144,SBS10b,1740.59854985692
EP_7316-1969,SBS10b,1736.690295116
EP_7316-3755,SBS17a,1727.61663732463
EP_7316-384,SBS10b,1727.26717440101
EP_7316-454,SBS10b,1722.06371925616
EP_7316-160,SBS91,1715.98277877697
EP_7316-1706,SBS29,1715.43134394012
EP_7316-3631,SBS10b,1698.79424202607
EP_7316-3631,SBS7b,1690.76060301615
EP_7316-873,SBS10b,1668.70009183104
EP_7316-2648,SBS17a,1651.37421644467
EP_7316-2278,SBS17a,1649.96802989497
EP_7316-2726,SBS10b,1643.51869680445
EP_7316-1641,SBS10b,1641.89867773833
EP_7316-3893,SBS17a,1630.34234001492
EP_7316-3516,SBS17a,1626.43520093594
EP_7316-1078,SBS2,1603.9731041927
EP_7316-1961,SBS10b,1600.3356149111
EP_7316-1976,SBS2,1590.61316169505
EP_7316-2278,SBS30,1581.26129712149
EP_7316-496,SBS91,1561.47599757154
EP_7316-2313,SBS10b,1550.98102607202
EP_7316-1642,SBS2,1548.21612417543
EP_7316-174,SBS91,1541.53079571804
EP_7316-454,SBS91,1541.06495002652
EP_7316-1944,SBS10b,1539.64063896674
EP_7316-174,SBS2,1536.53017078207
EP_7316-2267,SBS9,1531.36711056734
EP_7316-3299,SBS10b,1525.56669097969
EP_7316-47,SBS10b,1508.16370606096
EP_7316-2858,SBS9,1505.56665047711
EP_7316-1955,SBS91,1494.12330763597
EP_7316-3299,SBS91,1491.69745908347
EP_7316-3624,SBS10b,1470.35796520947
EP_7316-429,SBS2,1453.29775491967
EP_7316-160,SBS2,1443.64742834965
EP_7316-1642,SBS91,1441.88170487516
EP_7316-198,SBS17a,1437.94584957091
EP_7316-872,SBS2,1423.12889067435
EP_7316-966,SBS2,1421.9089146219
EP_7316-3624,SBS29,1411.98410349563
EP_7316-873,SBS2,1399.76678416687
EP_7316-1955,SBS2,1395.68239825297
EP_7316-889,SBS2,1388.79669519844
EP_7316-1706,SBS2,1388.67835268045
EP_7316-1641,SBS91,1384.51683797044
EP_7316-3631,SBS29,1382.62520876958
EP_7316-2567,SBS2,1378.10953252742
EP_7316-2567,SBS91,1361.78854041117
EP_7316-2267,SBS17a,1343.57213311157
EP_7316-904,SBS29,1320.40634028637
EP_7316-455,SBS91,1319.80617764263
EP_7316-966,SBS91,1313.90454591648
EP_7316-2266,SBS91,1312.74787246996
EP_7316-2144,SBS2,1309.30604617874
EP_7316-1107,SBS2,1301.64357243528
EP_7316-454,SBS2,1286.6003765432
EP_7316-3516,SBS9,1268.81203098023
EP_7316-2170,SBS2,1265.2874004734
EP_7316-3,SBS2,1259.86711976294
EP_7316-1944,SBS2,1255.68362154525
EP_7316-2558,SBS9,1251.64829608519
EP_7316-1641,SBS2,1236.04514760239
EP_7316-929,SBS91,1208.83802242816
EP_7316-496,SBS2,1203.83184867673
EP_7316-1961,SBS91,1181.73038653777
EP_7316-2278,SBS91,1179.96103985041
EP_7316-88,SBS2,1168.81338586547
EP_7316-429,SBS91,1163.31339422453
EP_7316-2156,SBS91,1160.23851609183
EP_7316-2313,SBS2,1155.13054733543
EP_7316-1976,SBS91,1153.25268051531
EP_7316-3631,SBS30,1145.48626172671
EP_7316-3624,SBS2,1144.41402293485
EP_7316-2278,SBS29,1141.81218384031
EP_7316-904,SBS2,1138.68350986843
EP_7316-2182,SBS2,1136.53729401153
EP_7316-405,SBS2,1127.24932308469
EP_7316-929,SBS2,1123.56188219908
EP_7316-1078,SBS91,1122.90491256251
EP_7316-2156,SBS2,1119.29675819078
EP_7316-384,SBS2,1117.21398892264
EP_7316-2666,SBS30,1116.96750846102
EP_7316-2267,SBS25,1114.8550487343
EP_7316-889,SBS29,1107.41852996767
EP_7316-2726,SBS2,1105.00497827245
EP_7316-1961,SBS2,1099.63902782724
EP_7316-872,SBS91,1078.01363358441
EP_7316-2138,SBS2,1074.15569679383
EP_7316-3299,SBS2,1053.95640388999
EP_7316-405,SBS29,1040.597999729
EP_7316-455,SBS2,1013.93448466821
EP_7316-1107,SBS91,1006.82076444093
EP_7316-2138,SBS91,959.90354224325
EP_7316-1969,SBS2,941.473931664074
EP_7316-2666,SBS91,926.306754475095
EP_7316-2278,SBS7b,908.215329938075
EP_7316-3624,SBS30,898.685907047155
EP_7316-2170,SBS39,879.11716619449
EP_7316-47,SBS2,873.508234753402
EP_7316-2648,SBS9,871.618326477559
EP_7316-189,SBS2,847.025157975741
EP_7316-873,SBS91,825.084328250165
EP_7316-405,SBS91,778.578232019133
EP_7316-3631,SBS2,758.941328002871
EP_7316-2666,SBS2,754.836969755175
EP_7316-111,SBS44,738.075543678947
EP_7316-1786,SBS25,730.054187757239
EP_7316-904,SBS91,723.406273076561
EP_7316-2267,SBS91,694.737229572978
EP_7316-2648,SBS7b,667.420532992177
EP_7316-3893,SBS9,659.087453171028
EP_7316-3069,SBS91,638.249938349449
EP_7316-2313,SBS91,614.196730956032
EP_7316-384,SBS91,603.64145400471
EP_7316-889,SBS24,578.373789574204
EP_7316-2648,SBS91,577.747787378913
EP_7316-3893,SBS29,577.655563598301
EP_7316-2266,SBS7b,566.467746960408
EP_7316-889,SBS91,551.745302925818
EP_7316-2858,SBS29,537.133553055427
EP_7316-198,SBS13,537.094977500459
EP_7316-2266,SBS29,532.899675760609
EP_7316-3069,SBS9,531.393691098405
EP_7316-2558,SBS91,527.612379792313
EP_7316-3624,SBS24,496.374653740986
EP_7316-198,SBS91,492.213923106281
EP_7316-2757,SBS25,472.961009094508
EP_7316-198,SBS29,470.803939179714
EP_7316-3516,SBS25,459.999359232242
EP_7316-1786,SBS34,457.987238302041
EP_7316-2858,SBS7b,453.661322908313
EP_7316-6283,SBS34,450.401791139748
EP_7316-2278,SBS13,437.957690164734
EP_7316-2726,SBS91,434.500663352166
EP_7316-111,SBS34,433.131275337887
EP_7316-3069,SBS34,429.57196864076
EP_7316-3069,SBS7b,429.483416729097
EP_7316-6283,SBS91,424.286122962748
EP_7316-3893,SBS13,422.1758822306
EP_7316-2558,SBS7b,418.896052242693
EP_7316-2267,SBS34,405.386588852593
EP_7316-198,SBS25,403.483836958336
EP_7316-3755,SBS29,397.853375049273
EP_7316-2267,SBS7b,393.194372592476
EP_7316-111,SBS25,369.346341989348
EP_7316-904,SBS24,365.808889936913
EP_7316-2648,SBS29,358.631255045336
EP_7316-2858,SBS34,348.28924800837
EP_7316-3755,SBS91,347.516132154632
EP_7316-1969,SBS91,336.787489065586
EP_7316-405,SBS24,332.054114255018
EP_7316-6283,SBS9,318.847186338898
EP_7316-198,SBS9,318.719970217019
EP_7316-3755,SBS9,296.427515029465
EP_7316-6283,SBS25,295.017308119715
EP_7316-2266,SBS34,293.723238228341
EP_7316-198,SBS7b,289.0788893268
EP_7316-198,SBS34,280.789241996693
EP_7316-3893,SBS7b,279.544948780915
EP_7316-2648,SBS34,279.420063471462
EP_7316-2558,SBS34,279.254780114193
EP_7316-3893,SBS25,275.526251974782
EP_7316-1976,SBS28,274.685961711906
EP_7316-3893,SBS34,273.576506092396
EP_7316-3755,SBS34,270.385961850043
EP_7316-2558,SBS29,262.025041971122
EP_7316-6283,SBS13,258.866827334558
EP_7316-3516,SBS13,250.481710396533
EP_7316-3516,SBS91,243.47902090781
EP_7316-2757,SBS13,236.195837341847
EP_7316-189,SBS91,235.752789787592
EP_7316-3631,SBS34,233.28577920428
EP_7316-2267,SBS29,230.943530160693
EP_7316-1786,SBS7b,220.916248907626
EP_7316-3755,SBS7b,217.876915703026
EP_7316-3893,SBS91,217.009672140673
EP_7316-2757,SBS7b,212.246063447762
EP_7316-3755,SBS13,210.191887679383
EP_7316-47,SBS30,209.502027366111
EP_7316-2757,SBS24,202.937630249961
EP_7316-2858,SBS25,190.377161758395
EP_7316-2858,SBS2,177.068516880943
EP_7316-1706,SBS91,174.465931170701
EP_7316-2266,SBS13,173.122877515004
EP_7316-2266,SBS25,162.975262678532
EP_7316-2278,SBS34,160.044794452584
EP_7316-6283,SBS10a,157.226112566862
EP_7316-6283,SBS2,155.688348867962
EP_7316-111,SBS2,155.27268927925
EP_7316-88,SBS24,152.389623609035
EP_7316-6283,SBS29,141.643246473569
EP_7316-88,SBS91,136.479562014784
EP_7316-2858,SBS13,135.467722428363
EP_7316-904,SBS30,117.219844464983
EP_7316-3516,SBS7b,115.922226769527
EP_7316-160,SBS28,114.810068438004
EP_7316-2648,SBS13,103.238888777042
EP_7316-2278,SBS10d,102.048881046969
EP_7316-904,SBS28,101.205255086525
EP_7316-3516,SBS34,100.565075709241
EP_7316-3069,SBS29,98.6098853455839
EP_7316-47,SBS13,97.779516995966
EP_7316-3624,SBS28,84.7322135029886
EP_7316-384,SBS24,77.4244461621277
EP_7316-2757,SBS9,71.6345680031611
EP_7316-2313,SBS13,40.3111961986167
EP_7316-3755,SBS24,40.0557161334682
EP_7316-889,SBS28,32.0919882377656
EP_7316-2267,SBS13,20.5936589535831
EP_7316-455,SBS28,10.4540323291317
EP_7316-2726,SBS13,6.56433838497303
O_Cav7316-3017,SBS5,69546.52045
O_Cav7316-2179,SBS5,63291.45965
O_Cav7316-92,SBS5,51639.01004
O_Cav7316-92,SBS89,49769.62841
O_Cav7316-2179,SBS89,47090.63251
O_Cav7316-3017,SBS40,37474.48106
O_Cav7316-2179,SBS40,31301.83724
O_Cav7316-3017,SBS89,30697.70548
O_Cav7316-92,SBS40,28705.95754
O_Cav7316-92,SBS85,14978.66668
O_Cav7316-3017,SBS26,14145.55976
O_Cav7316-2179,SBS26,12896.76054
O_Cav7316-92,SBS26,12894.40545
O_Cav7316-3017,SBS1,12463.75554
O_Cav7316-2179,SBS85,12031.13278
O_Cav7316-3017,SBS37,11995.93368
O_Cav7316-2179,SBS1,11557.88166
O_Cav7316-92,SBS1,10109.31256
O_Cav7316-3017,SBS6,8585.634524
O_Cav7316-2179,SBS37,8561.463208
O_Cav7316-3017,SBS39,8044.846573
O_Cav7316-2179,SBS6,7964.920833
O_Cav7316-92,SBS6,7723.254652
O_Cav7316-3017,SBS33,7660.80289
O_Cav7316-92,SBS37,7565.14466
O_Cav7316-3017,SBS8,6707.316876
O_Cav7316-3017,SBS85,6321.312001
O_Cav7316-2179,SBS33,6279.72857
O_Cav7316-92,SBS33,5810.432019
O_Cav7316-2179,SBS32,5690.866479
O_Cav7316-2179,SBS19,5510.58948
O_Cav7316-3017,SBS32,5440.695132
O_Cav7316-3017,SBS19,5378.245073
O_Cav7316-92,SBS32,5278.417373
O_Cav7316-3017,SBS87,5253.962111
O_Cav7316-2179,SBS87,5144.479161
O_Cav7316-92,SBS19,5125.363539
O_Cav7316-92,SBS87,4455.57754
O_Cav7316-92,SBS39,4097.887639
O_Cav7316-3017,SBS30,3846.833341
O_Cav7316-92,SBS7b,3425.306575
O_Cav7316-2179,SBS17a,3416.758501
O_Cav7316-92,SBS17a,3355.718737
O_Cav7316-2179,SBS39,2873.370388
O_Cav7316-92,SBS29,2685.606851
O_Cav7316-2179,SBS7b,2528.673321
O_Cav7316-3017,SBS10b,2399.170338
O_Cav7316-3017,SBS17a,2067.660273
O_Cav7316-92,SBS10b,1927.396475
O_Cav7316-2179,SBS29,1845.048644
O_Cav7316-2179,SBS10b,1634.469202
O_Cav7316-92,SBS2,1462.341832
O_Cav7316-2179,SBS2,1102.193214
O_Cav7316-3017,SBS13,410.7156949
O_Cav7316-2179,SBS24,368.1138155
O_Cav7316-3017,SBS29,342.1941483
O_Cav7316-3017,SBS34,332.7824816
O_Cav7316-92,SBS91,210.6671569
O_Cav7316-3017,SBS25,206.0506079
O_Cav7316-3017,SBS2,94.53620147
O_Cav7316-3017,SBS7b,88.93340834
O_Dysp7316-1675,SBS5,58844.30742
O_Dysp7316-1675,SBS89,49587.3031
O_Dysp7316-1675,SBS40,30567.10553
O_Dysp7316-1675,SBS26,13331.76096
O_Dysp7316-1675,SBS85,11938.5206
O_Dysp7316-1675,SBS1,11716.69973
O_Dysp7316-1675,SBS37,8310.568197
O_Dysp7316-1675,SBS6,7382.523573
O_Dysp7316-1675,SBS33,6720.41542
O_Dysp7316-1675,SBS19,5815.823956
O_Dysp7316-1675,SBS32,5432.029533
O_Dysp7316-1675,SBS87,3922.486839
O_Dysp7316-1675,SBS17a,3737.783124
O_Dysp7316-1675,SBS39,3616.194695
O_Dysp7316-1675,SBS7b,2490.085127
O_Dysp7316-1675,SBS10b,1998.125514
O_Dysp7316-1675,SBS29,1799.069728
O_Dysp7316-1675,SBS2,1078.09207
O_Dysp7316-1675,SBS91,367.498141
O_Dysp7316-1675,SBS24,62.11525096
O_Dysp7316-1675,SBS28,31.68571681
O_Med7316-182,SBS5,48602.63473
O_Med7316-182,SBS40,47369.70446
O_Med7316-182,SBS89,32070.47369
O_Med7316-182,SBS26,13901.2356
O_Med7316-182,SBS37,10195.6487
O_Med7316-182,SBS1,10130.50195
O_Med7316-182,SBS6,7174.213879
O_Med7316-182,SBS33,5903.857334
O_Med7316-182,SBS85,5668.061846
O_Med7316-182,SBS32,5562.271007
O_Med7316-182,SBS8,5226.713546
O_Med7316-182,SBS87,4615.836244
O_Med7316-182,SBS19,3852.75593
O_Med7316-182,SBS39,3659.271442
O_Med7316-182,SBS10d,3064.843672
O_Med7316-182,SBS91,2199.495784
O_Med7316-182,SBS7b,1347.747442
O_Med7316-182,SBS17a,1316.876096
O_Med7316-182,SBS10b,1192.838848
O_Med7316-182,SBS30,1117.189862
O_Med7316-182,SBS13,625.8348956
O_Med7316-182,SBS25,104.7533057
O_Med7316-182,SBS34,5.991198438
O_Neu7316-170,SBS89,54064.7936
O_Neu7316-170,SBS5,42922.47938
O_Neu7316-170,SBS40,32165.68075
O_Neu7316-170,SBS85,13541.9278
O_Neu7316-170,SBS26,13275.62632
O_Neu7316-170,SBS1,10249.93268
O_Neu7316-170,SBS37,8732.875244
O_Neu7316-170,SBS6,8392.924877
O_Neu7316-170,SBS33,6062.55554
O_Neu7316-170,SBS32,5175.113058
O_Neu7316-170,SBS19,5013.871114
O_Neu7316-170,SBS87,4339.201597
O_Neu7316-170,SBS17a,4171.102184
O_Neu7316-170,SBS7b,3295.368979
O_Neu7316-170,SBS39,3126.50557
O_Neu7316-170,SBS29,2199.098242
O_Neu7316-170,SBS10b,1944.184296
O_Neu7316-170,SBS91,1568.240017
O_Neu7316-170,SBS2,1538.826773
O_Neu7316-170,SBS28,26.09206342
O_Ter7316-965,SBS5,50653.757
O_Ter7316-965,SBS89,41661.88732
O_Ter7316-965,SBS40,35115.23237
O_Ter7316-965,SBS26,11999.85457
O_Ter7316-965,SBS85,10772.00863
O_Ter7316-965,SBS1,9936.303256
O_Ter7316-965,SBS37,9180.121613
O_Ter7316-965,SBS6,8206.316944
O_Ter7316-965,SBS33,6138.248519
O_Ter7316-965,SBS32,5627.35609
O_Ter7316-965,SBS19,4770.713115
O_Ter7316-965,SBS39,4475.729194
O_Ter7316-965,SBS87,4405.385398
O_Ter7316-965,SBS17a,2712.928703
O_Ter7316-965,SBS7b,2615.894401
O_Ter7316-965,SBS10b,1772.914238
O_Ter7316-965,SBS29,1766.616888
O_Ter7316-965,SBS91,944.6905448
O_Ter7316-965,SBS2,884.3283025
O_Pit7316-1096,SBS5,58394.05167
O_Pit7316-1096,SBS89,47745.3313
O_Pit7316-1096,SBS40,31854.96014
O_Pit7316-1096,SBS85,15708.1958
O_Pit7316-1096,SBS26,13990.09298
O_Pit7316-1096,SBS1,11927.49645
O_Pit7316-1096,SBS6,8262.028735
O_Pit7316-1096,SBS33,6705.680888
O_Pit7316-1096,SBS37,6587.623289
O_Pit7316-1096,SBS32,6266.920638
O_Pit7316-1096,SBS19,5237.671538
O_Pit7316-1096,SBS87,5022.846752
O_Pit7316-1096,SBS39,4092.932421
O_Pit7316-1096,SBS29,3490.660409
O_Pit7316-1096,SBS7b,3355.364134
O_Pit7316-1096,SBS17a,2971.903358
O_Pit7316-1096,SBS10b,1875.679422
O_Pit7316-1096,SBS2,1401.527171
O_Pit7316-1096,SBS91,364.3325204
