HGG_7316-1085,SBS10b,1901.95433569775
HGG_7316-1085,SBS1,13357.7042187826
HGG_7316-1085,SBS13,6.87915047784001
HGG_7316-1085,SBS17a,1408.14397977921
HGG_7316-1085,SBS19,5291.37679472156
HGG_7316-1085,SBS26,15185.2013051965
HGG_7316-1085,SBS29,689.184652858848
HGG_7316-1085,SBS30,2276.89908848892
HGG_7316-1085,SBS32,5971.6170893205
HGG_7316-1085,SBS33,6696.0960835708
HGG_7316-1085,SBS34,799.22730545335
HGG_7316-1085,SBS37,9459.72361027812
HGG_7316-1085,SBS39,5421.35273304774
HGG_7316-1085,SBS40,38335.8809411391
HGG_7316-1085,SBS5,71196.9755056545
HGG_7316-1085,SBS6,5770.35883322125
HGG_7316-1085,SBS7b,282.753676784999
HGG_7316-1085,SBS8,4059.59029533262
HGG_7316-1085,SBS85,4807.43408660507
HGG_7316-1085,SBS87,4855.35486226647
HGG_7316-1085,SBS89,29061.5501242443
HGG_7316-1085,SBS9,125.658984195159
HGG_7316-1085,SBS91,438.004696186524
HGG_7316-1099,SBS10b,1778.65167150493
HGG_7316-1099,SBS1,10546.1845031428
HGG_7316-1099,SBS17a,2893.08965917067
HGG_7316-1099,SBS19,5312.94326281634
HGG_7316-1099,SBS2,1177.9123832093
HGG_7316-1099,SBS26,13093.3966804162
HGG_7316-1099,SBS29,2074.33292361883
HGG_7316-1099,SBS32,5465.19493611563
HGG_7316-1099,SBS33,5869.10908020267
HGG_7316-1099,SBS37,6230.43889975765
HGG_7316-1099,SBS39,3101.21627946845
HGG_7316-1099,SBS40,35152.2191599147
HGG_7316-1099,SBS5,51240.9686474156
HGG_7316-1099,SBS6,7239.70839529903
HGG_7316-1099,SBS7b,2427.59359523136
HGG_7316-1099,SBS85,14446.7064447131
HGG_7316-1099,SBS87,4668.81525027014
HGG_7316-1099,SBS89,45729.2761282735
HGG_7316-1099,SBS91,338.295527601314
HGG_7316-1106,SBS10b,2002.15298511319
HGG_7316-1106,SBS1,10633.7297112439
HGG_7316-1106,SBS13,74.4881740745455
HGG_7316-1106,SBS17a,2971.49738108183
HGG_7316-1106,SBS19,4971.48360617841
HGG_7316-1106,SBS2,1568.81710660031
HGG_7316-1106,SBS26,11788.2894051105
HGG_7316-1106,SBS29,3125.69558220738
HGG_7316-1106,SBS32,5377.22944773731
HGG_7316-1106,SBS33,6011.38277746869
HGG_7316-1106,SBS37,6829.18982460332
HGG_7316-1106,SBS39,4072.71755728506
HGG_7316-1106,SBS40,32073.064036774
HGG_7316-1106,SBS5,55206.3541397961
HGG_7316-1106,SBS6,7304.81457319631
HGG_7316-1106,SBS7b,2770.32740958517
HGG_7316-1106,SBS85,15959.2802609809
HGG_7316-1106,SBS87,4741.1873840419
HGG_7316-1106,SBS89,46293.8125118106
HGG_7316-1106,SBS91,427.048190008617
HGG_7316-114,SBS10b,1634.85208139758
HGG_7316-114,SBS17a,3603.31678971232
HGG_7316-114,SBS1,9345.31156362086
HGG_7316-114,SBS19,5196.25986713626
HGG_7316-114,SBS2,1366.86267432918
HGG_7316-114,SBS24,55.6452530328954
HGG_7316-114,SBS26,12464.3202389858
HGG_7316-114,SBS29,2170.63362122502
HGG_7316-114,SBS32,4163.79396001763
HGG_7316-114,SBS33,5631.79975708778
HGG_7316-114,SBS37,9913.61229565531
HGG_7316-114,SBS39,3268.04476945788
HGG_7316-114,SBS40,29276.3055399098
HGG_7316-114,SBS5,43772.1027206489
HGG_7316-114,SBS6,8407.6619828968
HGG_7316-114,SBS7b,2820.44405478702
HGG_7316-114,SBS85,11886.8820576523
HGG_7316-114,SBS87,4397.26941706325
HGG_7316-114,SBS89,51777.3042550409
HGG_7316-114,SBS91,1124.53902469219
HGG_7316-116,SBS10b,2120.61469407161
HGG_7316-116,SBS1,10525.7023956478
HGG_7316-116,SBS17a,4047.66156688692
HGG_7316-116,SBS19,5226.5840509698
HGG_7316-116,SBS2,1455.64064416578
HGG_7316-116,SBS26,12406.0626966598
HGG_7316-116,SBS28,55.3353020222969
HGG_7316-116,SBS29,2285.89767855441
HGG_7316-116,SBS32,4402.82270686618
HGG_7316-116,SBS33,6332.38229079758
HGG_7316-116,SBS37,7326.28794523952
HGG_7316-116,SBS39,2055.16217267552
HGG_7316-116,SBS40,29112.5217550099
HGG_7316-116,SBS5,49357.9410200549
HGG_7316-116,SBS6,7281.66457563773
HGG_7316-116,SBS7b,2662.78001924238
HGG_7316-116,SBS85,14080.9411891663
HGG_7316-116,SBS87,4695.82361169314
HGG_7316-116,SBS89,53681.7326317704
HGG_7316-116,SBS91,1387.45704358309
HGG_7316-161,SBS10b,1794.91784555626
HGG_7316-161,SBS1,11407.0858776992
HGG_7316-161,SBS17a,3424.37104347751
HGG_7316-161,SBS19,5230.6354511315
HGG_7316-161,SBS2,1047.39670947748
HGG_7316-161,SBS24,299.854672048076
HGG_7316-161,SBS26,13253.8161082935
HGG_7316-161,SBS28,117.311525983799
HGG_7316-161,SBS29,1171.04631955148
HGG_7316-161,SBS32,4796.9252708286
HGG_7316-161,SBS33,6459.35952846641
HGG_7316-161,SBS37,9844.11796793763
HGG_7316-161,SBS39,3457.50881717815
HGG_7316-161,SBS40,29912.5341483315
HGG_7316-161,SBS5,54996.5243396696
HGG_7316-161,SBS6,8720.2470225197
HGG_7316-161,SBS7b,2938.39140632609
HGG_7316-161,SBS85,12639.5663807543
HGG_7316-161,SBS87,4147.77264290914
HGG_7316-161,SBS89,52356.223068184
HGG_7316-161,SBS91,408.512894855493
HGG_7316-1656,SBS10b,1822.75776709904
HGG_7316-1656,SBS17a,3184.58613133401
HGG_7316-1656,SBS19,5179.73571270691
HGG_7316-1656,SBS1,9954.67038826132
HGG_7316-1656,SBS2,1289.35572476221
HGG_7316-1656,SBS26,12005.8143216289
HGG_7316-1656,SBS29,2474.88726332004
HGG_7316-1656,SBS32,4492.07571487092
HGG_7316-1656,SBS33,6031.2982606209
HGG_7316-1656,SBS37,8426.86063481108
HGG_7316-1656,SBS39,3584.1228869594
HGG_7316-1656,SBS40,30040.6133680779
HGG_7316-1656,SBS5,47778.6828857888
HGG_7316-1656,SBS6,8121.70805067655
HGG_7316-1656,SBS7b,3248.58430451537
HGG_7316-1656,SBS85,14343.7014428867
HGG_7316-1656,SBS87,4506.98600696307
HGG_7316-1656,SBS89,51139.7775243818
HGG_7316-1656,SBS91,952.775053386111
HGG_7316-1746,SBS10b,1729.48918362079
HGG_7316-1746,SBS1,10045.8370371933
HGG_7316-1746,SBS17a,3634.53710489791
HGG_7316-1746,SBS19,4975.41989158473
HGG_7316-1746,SBS2,1048.59818150443
HGG_7316-1746,SBS24,255.479030368816
HGG_7316-1746,SBS26,12202.4094922581
HGG_7316-1746,SBS29,1924.69402984596
HGG_7316-1746,SBS32,4473.63994555704
HGG_7316-1746,SBS33,6061.97373261644
HGG_7316-1746,SBS37,9337.56471681741
HGG_7316-1746,SBS39,1802.66310169273
HGG_7316-1746,SBS40,30503.4340511712
HGG_7316-1746,SBS5,53076.6658419859
HGG_7316-1746,SBS6,8571.55680325191
HGG_7316-1746,SBS7b,2893.77001463205
HGG_7316-1746,SBS85,12370.8635150804
HGG_7316-1746,SBS87,4941.88693809223
HGG_7316-1746,SBS89,52186.2692067561
HGG_7316-1746,SBS91,1775.20687264704
HGG_7316-1763,SBS10b,1775.48551481804
HGG_7316-1763,SBS1,10552.8746362761
HGG_7316-1763,SBS17a,3415.5156371168
HGG_7316-1763,SBS19,4645.06468085303
HGG_7316-1763,SBS2,1267.46989637869
HGG_7316-1763,SBS26,13109.6688913527
HGG_7316-1763,SBS29,1688.37669768661
HGG_7316-1763,SBS32,5019.61002944511
HGG_7316-1763,SBS33,6186.56372654064
HGG_7316-1763,SBS37,8852.87206439759
HGG_7316-1763,SBS39,2849.24781357286
HGG_7316-1763,SBS40,29739.9217814353
HGG_7316-1763,SBS5,50679.1850691563
HGG_7316-1763,SBS6,8228.42917648157
HGG_7316-1763,SBS7b,2944.42964814754
HGG_7316-1763,SBS85,12195.4726235316
HGG_7316-1763,SBS87,3921.32246404745
HGG_7316-1763,SBS89,50329.50330137
HGG_7316-1763,SBS91,924.326611440859
HGG_7316-1774,SBS10b,1728.63598240655
HGG_7316-1774,SBS1,10139.4563190993
HGG_7316-1774,SBS17a,3567.82683943168
HGG_7316-1774,SBS19,4638.88362661516
HGG_7316-1774,SBS24,377.534383806977
HGG_7316-1774,SBS26,13129.8509560095
HGG_7316-1774,SBS29,1117.36132929346
HGG_7316-1774,SBS2,956.770957510303
HGG_7316-1774,SBS32,3594.53867812624
HGG_7316-1774,SBS33,5967.13672438488
HGG_7316-1774,SBS37,9001.36246893898
HGG_7316-1774,SBS39,2196.43273755749
HGG_7316-1774,SBS40,33716.5460463264
HGG_7316-1774,SBS5,48273.5058497716
HGG_7316-1774,SBS6,8355.49281868239
HGG_7316-1774,SBS7b,2944.53923787871
HGG_7316-1774,SBS85,12402.4837026447
HGG_7316-1774,SBS87,4115.0717239196
HGG_7316-1774,SBS89,54822.496279029
HGG_7316-1774,SBS91,935.459627753133
HGG_7316-1946,SBS10b,1616.39752287675
HGG_7316-1946,SBS1,10905.9683738316
HGG_7316-1946,SBS13,110.406390171594
HGG_7316-1946,SBS17a,1589.15603526779
HGG_7316-1946,SBS19,4770.93056191167
HGG_7316-1946,SBS2,22.7507729863568
HGG_7316-1946,SBS24,342.466496346296
HGG_7316-1946,SBS25,692.716939873832
HGG_7316-1946,SBS26,15067.8619402479
HGG_7316-1946,SBS30,2942.02348018417
HGG_7316-1946,SBS32,5264.3676692567
HGG_7316-1946,SBS33,6665.91840247779
HGG_7316-1946,SBS34,414.181035675654
HGG_7316-1946,SBS37,9585.89256189824
HGG_7316-1946,SBS39,7290.91522509654
HGG_7316-1946,SBS40,35350.819484707
HGG_7316-1946,SBS5,56355.4571932471
HGG_7316-1946,SBS6,7231.60898308916
HGG_7316-1946,SBS7b,976.945242385045
HGG_7316-1946,SBS85,5208.93227299363
HGG_7316-1946,SBS8,6125.64391162353
HGG_7316-1946,SBS87,4676.00206690415
HGG_7316-1946,SBS89,28570.1152682908
HGG_7316-1946,SBS91,47.4030837760538
HGG_7316-1946,SBS9,932.267159083732
HGG_7316-194,SBS10b,1641.47799954095
HGG_7316-194,SBS1,11807.8161034939
HGG_7316-194,SBS17a,3313.11544377134
HGG_7316-194,SBS19,5907.70762450449
HGG_7316-194,SBS2,1211.86324067097
HGG_7316-194,SBS26,12241.7562496572
HGG_7316-194,SBS28,89.3382163340217
HGG_7316-194,SBS29,2726.60293031845
HGG_7316-194,SBS32,4964.01430321014
HGG_7316-194,SBS33,5987.96449543033
HGG_7316-194,SBS37,5810.64345910035
HGG_7316-194,SBS39,3464.83640388175
HGG_7316-194,SBS40,27478.6573278878
HGG_7316-194,SBS5,57984.7601627323
HGG_7316-194,SBS6,6664.76373907371
HGG_7316-194,SBS7b,2310.12230535903
HGG_7316-194,SBS85,13945.4466005855
HGG_7316-194,SBS87,4168.64726658348
HGG_7316-194,SBS89,44864.5763882933
HGG_7316-194,SBS91,881.760637624627
HGG_7316-1956,SBS10b,1884.52141809369
HGG_7316-1956,SBS1,11281.3288796602
HGG_7316-1956,SBS17a,3369.35888201056
HGG_7316-1956,SBS19,5494.69077285493
HGG_7316-1956,SBS26,13190.2753113077
HGG_7316-1956,SBS29,2407.838820691
HGG_7316-1956,SBS2,963.739127157299
HGG_7316-1956,SBS32,5654.71234789451
HGG_7316-1956,SBS33,6016.99596801849
HGG_7316-1956,SBS37,6075.8014864262
HGG_7316-1956,SBS39,1712.04823533502
HGG_7316-1956,SBS40,33572.9119114957
HGG_7316-1956,SBS5,57963.2324166683
HGG_7316-1956,SBS6,7951.62424557966
HGG_7316-1956,SBS7b,2789.10839887279
HGG_7316-1956,SBS85,15541.1891135553
HGG_7316-1956,SBS87,4583.1687212935
HGG_7316-1956,SBS89,49234.8841217886
HGG_7316-1956,SBS91,1058.80268880444
HGG_7316-195,SBS10b,1503.41887943786
HGG_7316-195,SBS1,11026.8227237282
HGG_7316-195,SBS17a,2957.76814605407
HGG_7316-195,SBS19,4625.81761144748
HGG_7316-195,SBS2,1096.69411560633
HGG_7316-195,SBS26,11354.3939020987
HGG_7316-195,SBS29,2114.25320477313
HGG_7316-195,SBS32,4888.84338328829
HGG_7316-195,SBS33,5708.55465643985
HGG_7316-195,SBS37,8089.93852744896
HGG_7316-195,SBS39,2983.09930818613
HGG_7316-195,SBS40,29757.3494124975
HGG_7316-195,SBS5,56557.5350006256
HGG_7316-195,SBS6,6948.56322492501
HGG_7316-195,SBS7b,2385.68875331284
HGG_7316-195,SBS85,11869.6080198802
HGG_7316-195,SBS87,3934.93993699529
HGG_7316-195,SBS89,42422.408912413
HGG_7316-195,SBS91,455.039869187964
HGG_7316-204,SBS10b,1695.62759396179
HGG_7316-204,SBS1,11336.8576063417
HGG_7316-204,SBS17a,2768.13987201842
HGG_7316-204,SBS19,5021.92522810692
HGG_7316-204,SBS26,13080.6732569368
HGG_7316-204,SBS2,886.10054177791
HGG_7316-204,SBS29,2237.22709475348
HGG_7316-204,SBS32,5618.50256129394
HGG_7316-204,SBS33,6160.88925148082
HGG_7316-204,SBS34,8.75553119266557
HGG_7316-204,SBS37,5587.26959961491
HGG_7316-204,SBS39,3133.68934579023
HGG_7316-204,SBS40,31662.205124826
HGG_7316-204,SBS5,60125.8964755268
HGG_7316-204,SBS6,7328.34591754433
HGG_7316-204,SBS7b,2295.30692946662
HGG_7316-204,SBS85,12932.6574464627
HGG_7316-204,SBS87,4434.97822720759
HGG_7316-204,SBS89,43179.8725711432
HGG_7316-204,SBS91,492.767236015085
HGG_7316-2091,SBS10b,1747.11211268763
HGG_7316-2091,SBS1,10698.0811077588
HGG_7316-2091,SBS17a,3105.95096541131
HGG_7316-2091,SBS19,4869.74158865726
HGG_7316-2091,SBS26,13505.0346985878
HGG_7316-2091,SBS29,2216.71879578538
HGG_7316-2091,SBS2,922.716210701649
HGG_7316-2091,SBS32,5017.32024394301
HGG_7316-2091,SBS33,5985.03151532596
HGG_7316-2091,SBS37,7286.46492507756
HGG_7316-2091,SBS39,2583.7219005169
HGG_7316-2091,SBS40,33584.9559886195
HGG_7316-2091,SBS5,55003.1137694214
HGG_7316-2091,SBS6,7776.75018766782
HGG_7316-2091,SBS7b,2826.64024109337
HGG_7316-2091,SBS85,12776.736378728
HGG_7316-2091,SBS87,4940.70720630433
HGG_7316-2091,SBS89,48559.4754175482
HGG_7316-2091,SBS91,1187.77558847453
HGG_7316-212,SBS10b,1947.03359025106
HGG_7316-212,SBS1,10233.7654511584
HGG_7316-212,SBS17a,2722.22550257312
HGG_7316-212,SBS19,4926.21721759602
HGG_7316-212,SBS2,1136.06057727589
HGG_7316-212,SBS26,12116.4808467095
HGG_7316-212,SBS28,105.593005272806
HGG_7316-212,SBS29,2472.60771976038
HGG_7316-212,SBS32,5508.50723293118
HGG_7316-212,SBS33,5828.32049950277
HGG_7316-212,SBS37,7049.65874739172
HGG_7316-212,SBS39,3420.15508440305
HGG_7316-212,SBS40,28571.2615980647
HGG_7316-212,SBS5,54136.3853070471
HGG_7316-212,SBS6,7721.54893564522
HGG_7316-212,SBS7b,2691.43563168093
HGG_7316-212,SBS85,14328.6359555243
HGG_7316-212,SBS87,4489.86559993233
HGG_7316-212,SBS89,46702.2897521988
HGG_7316-212,SBS91,415.148850266735
HGG_7316-2140,SBS10b,1977.62235392482
HGG_7316-2140,SBS1,10220.9782785084
HGG_7316-2140,SBS17a,3139.37756471784
HGG_7316-2140,SBS19,5252.8501629963
HGG_7316-2140,SBS2,1359.60416769807
HGG_7316-2140,SBS26,12141.4125732046
HGG_7316-2140,SBS29,2637.10728912026
HGG_7316-2140,SBS32,6322.40697869383
HGG_7316-2140,SBS33,6083.56352954832
HGG_7316-2140,SBS37,7256.01860487251
HGG_7316-2140,SBS39,3969.79684871013
HGG_7316-2140,SBS40,32734.7403887611
HGG_7316-2140,SBS5,51412.6801272197
HGG_7316-2140,SBS6,7581.99734792619
HGG_7316-2140,SBS7b,2763.54766210733
HGG_7316-2140,SBS85,13901.3051071793
HGG_7316-2140,SBS87,3895.84350361265
HGG_7316-2140,SBS89,45167.280513054
HGG_7316-2140,SBS91,535.193726390054
HGG_7316-2151,SBS10b,2193.19794509353
HGG_7316-2151,SBS1,11074.7401716035
HGG_7316-2151,SBS17a,2958.46817494283
HGG_7316-2151,SBS19,5314.89116136349
HGG_7316-2151,SBS2,1405.72765802157
HGG_7316-2151,SBS26,13160.6673207426
HGG_7316-2151,SBS29,2343.37487756539
HGG_7316-2151,SBS32,5836.51206592365
HGG_7316-2151,SBS33,6675.2697304971
HGG_7316-2151,SBS37,7093.35739671644
HGG_7316-2151,SBS39,3428.57935353767
HGG_7316-2151,SBS40,35547.9207414835
HGG_7316-2151,SBS5,48149.6043699452
HGG_7316-2151,SBS6,7746.45245331663
HGG_7316-2151,SBS7b,2591.51249302344
HGG_7316-2151,SBS85,16124.9768345774
HGG_7316-2151,SBS87,4058.33031773623
HGG_7316-2151,SBS89,48781.5007385493
HGG_7316-2151,SBS91,1693.16062312227
HGG_7316-2152,SBS10b,1792.96575722936
HGG_7316-2152,SBS17a,3664.0193076022
HGG_7316-2152,SBS1,9512.92791693435
HGG_7316-2152,SBS19,5154.29215049249
HGG_7316-2152,SBS2,1332.14398526637
HGG_7316-2152,SBS24,209.078105929879
HGG_7316-2152,SBS26,11663.1358770545
HGG_7316-2152,SBS28,105.382751103427
HGG_7316-2152,SBS29,1751.77538518562
HGG_7316-2152,SBS32,4034.03451477766
HGG_7316-2152,SBS33,5924.29658232693
HGG_7316-2152,SBS37,9605.95376751637
HGG_7316-2152,SBS39,3608.13037968434
HGG_7316-2152,SBS40,31165.7830292921
HGG_7316-2152,SBS5,45980.9516950151
HGG_7316-2152,SBS6,8541.5157854407
HGG_7316-2152,SBS7b,3238.78202733511
HGG_7316-2152,SBS85,14016.5595557265
HGG_7316-2152,SBS87,4534.29978834171
HGG_7316-2152,SBS89,52535.0691433332
HGG_7316-2152,SBS91,839.044029317903
HGG_7316-2176,SBS10b,1731.87232709142
HGG_7316-2176,SBS1,10634.9750677421
HGG_7316-2176,SBS13,8.26339901926207
HGG_7316-2176,SBS17a,3062.49712816849
HGG_7316-2176,SBS19,5195.87104798635
HGG_7316-2176,SBS24,28.7995106105088
HGG_7316-2176,SBS26,12291.5397194069
HGG_7316-2176,SBS29,1856.53658641794
HGG_7316-2176,SBS2,969.083377528296
HGG_7316-2176,SBS30,753.991663778955
HGG_7316-2176,SBS32,4986.24845974471
HGG_7316-2176,SBS33,5983.19692165189
HGG_7316-2176,SBS37,10056.4821917103
HGG_7316-2176,SBS39,5483.32142088412
HGG_7316-2176,SBS40,29014.0127338042
HGG_7316-2176,SBS5,55860.0521455421
HGG_7316-2176,SBS6,7952.58498218635
HGG_7316-2176,SBS7b,2591.18693512696
HGG_7316-2176,SBS85,11320.5404820253
HGG_7316-2176,SBS87,3685.59770127892
HGG_7316-2176,SBS89,47301.3992426159
HGG_7316-2176,SBS91,276.579642610662
HGG_7316-2189,SBS10b,1479.37463708291
HGG_7316-2189,SBS1,10628.5537437877
HGG_7316-2189,SBS17a,2937.53420222209
HGG_7316-2189,SBS19,4819.19359616735
HGG_7316-2189,SBS2,1102.20088652562
HGG_7316-2189,SBS26,12830.2517363275
HGG_7316-2189,SBS29,1606.84496209442
HGG_7316-2189,SBS32,5666.91038292041
HGG_7316-2189,SBS33,5998.1515385542
HGG_7316-2189,SBS37,7337.68734663423
HGG_7316-2189,SBS39,2436.39470466553
HGG_7316-2189,SBS40,33731.1491048485
HGG_7316-2189,SBS5,54828.9037016739
HGG_7316-2189,SBS6,8020.30300673245
HGG_7316-2189,SBS7b,2223.20254634118
HGG_7316-2189,SBS85,13168.2394398296
HGG_7316-2189,SBS87,4795.51297524997
HGG_7316-2189,SBS89,44719.9543891511
HGG_7316-2189,SBS91,726.432677049033
HGG_7316-2274,SBS10b,1582.08775064851
HGG_7316-2274,SBS10d,1167.80867821739
HGG_7316-2274,SBS1,11845.3498228956
HGG_7316-2274,SBS13,103.276651899285
HGG_7316-2274,SBS17a,1376.99919331228
HGG_7316-2274,SBS17b,422.627232990711
HGG_7316-2274,SBS19,4048.60031648719
HGG_7316-2274,SBS25,443.093130581989
HGG_7316-2274,SBS26,14643.3927245644
HGG_7316-2274,SBS29,179.71544214801
HGG_7316-2274,SBS30,1981.18100280246
HGG_7316-2274,SBS32,5594.7305219946
HGG_7316-2274,SBS33,6392.62529647948
HGG_7316-2274,SBS34,515.712729844781
HGG_7316-2274,SBS37,9105.78406322463
HGG_7316-2274,SBS39,4216.3842846318
HGG_7316-2274,SBS40,44519.0814125653
HGG_7316-2274,SBS5,55147.4846303954
HGG_7316-2274,SBS6,6933.79828145534
HGG_7316-2274,SBS7b,492.299454154823
HGG_7316-2274,SBS8,3362.56954106453
HGG_7316-2274,SBS85,3959.38492275455
HGG_7316-2274,SBS87,4540.1161330675
HGG_7316-2274,SBS89,28014.5472007423
HGG_7316-2274,SBS91,1151.68404026424
HGG_7316-2274,SBS9,1738.83865332915
HGG_7316-2594,SBS10b,1783.61537699206
HGG_7316-2594,SBS17a,3496.57361047983
HGG_7316-2594,SBS19,5231.32891988269
HGG_7316-2594,SBS1,9949.51471527714
HGG_7316-2594,SBS2,1236.17847892785
HGG_7316-2594,SBS26,13199.4973133029
HGG_7316-2594,SBS29,2376.34814310449
HGG_7316-2594,SBS32,4533.56976178444
HGG_7316-2594,SBS33,5795.21167044568
HGG_7316-2594,SBS37,7495.04090326846
HGG_7316-2594,SBS39,3039.58492624666
HGG_7316-2594,SBS40,33285.7817781978
HGG_7316-2594,SBS5,45760.5139845301
HGG_7316-2594,SBS6,8272.27299533885
HGG_7316-2594,SBS7b,2677.46097228717
HGG_7316-2594,SBS85,13770.5249503851
HGG_7316-2594,SBS87,4320.42315205985
HGG_7316-2594,SBS89,50081.6359325554
HGG_7316-2594,SBS91,1219.4613177733
HGG_7316-2756,SBS10b,1828.94876105788
HGG_7316-2756,SBS1,12320.2883411704
HGG_7316-2756,SBS17a,1471.24845880097
HGG_7316-2756,SBS19,4959.46382477724
HGG_7316-2756,SBS25,118.176175550463
HGG_7316-2756,SBS2,57.5648351069078
HGG_7316-2756,SBS26,17218.0939566979
HGG_7316-2756,SBS29,598.778143913683
HGG_7316-2756,SBS30,3334.00290406059
HGG_7316-2756,SBS32,4572.87546191282
HGG_7316-2756,SBS33,7217.99666455298
HGG_7316-2756,SBS34,495.231764942708
HGG_7316-2756,SBS37,7289.83947367574
HGG_7316-2756,SBS39,6500.10077061895
HGG_7316-2756,SBS40,35985.4194486293
HGG_7316-2756,SBS5,67286.8478099023
HGG_7316-2756,SBS6,7906.17659516667
HGG_7316-2756,SBS7b,461.707530566798
HGG_7316-2756,SBS8,3568.88751296631
HGG_7316-2756,SBS85,4196.84981358769
HGG_7316-2756,SBS87,6331.2134637922
HGG_7316-2756,SBS89,28079.7030297491
HGG_7316-2756,SBS91,293.291567272261
HGG_7316-2756,SBS9,1807.63719150986
HGG_7316-2781,SBS10b,1611.36675161802
HGG_7316-2781,SBS1,10506.7254695579
HGG_7316-2781,SBS17a,2968.68498787723
HGG_7316-2781,SBS19,5147.863314935
HGG_7316-2781,SBS2,1236.6516502132
HGG_7316-2781,SBS26,13245.2449749069
HGG_7316-2781,SBS29,1838.21239388754
HGG_7316-2781,SBS30,161.48859927233
HGG_7316-2781,SBS32,4587.84181341009
HGG_7316-2781,SBS33,5682.11155596765
HGG_7316-2781,SBS37,8889.61881269271
HGG_7316-2781,SBS39,4279.96589580136
HGG_7316-2781,SBS40,27983.7508727607
HGG_7316-2781,SBS5,53451.5890411098
HGG_7316-2781,SBS6,8138.65686062421
HGG_7316-2781,SBS7b,2728.41979488684
HGG_7316-2781,SBS85,11313.8080665541
HGG_7316-2781,SBS87,4134.46974259798
HGG_7316-2781,SBS89,47353.9097975263
HGG_7316-2781,SBS91,3.98728275159819
HGG_7316-2784,SBS10b,2179.4982052522
HGG_7316-2784,SBS10d,638.795532732266
HGG_7316-2784,SBS1,11858.8736405216
HGG_7316-2784,SBS17a,1369.70881315334
HGG_7316-2784,SBS17b,359.3704192774
HGG_7316-2784,SBS19,4606.96154331045
HGG_7316-2784,SBS25,128.161874122872
HGG_7316-2784,SBS26,14619.2271923733
HGG_7316-2784,SBS30,1578.79123343497
HGG_7316-2784,SBS32,5318.32051698953
HGG_7316-2784,SBS33,6485.19733605177
HGG_7316-2784,SBS34,310.245031069404
HGG_7316-2784,SBS37,9094.1923540919
HGG_7316-2784,SBS39,3702.5345055267
HGG_7316-2784,SBS40,47982.3104163735
HGG_7316-2784,SBS5,51942.2738355331
HGG_7316-2784,SBS6,6570.66209897805
HGG_7316-2784,SBS8,3324.52898803806
HGG_7316-2784,SBS85,4467.72946125117
HGG_7316-2784,SBS87,5216.59843554871
HGG_7316-2784,SBS89,29362.9337078861
HGG_7316-2784,SBS91,1069.24790787898
HGG_7316-2784,SBS9,762.358110600516
HGG_7316-2857,SBS10b,2283.35705441423
HGG_7316-2857,SBS1,11541.9701567503
HGG_7316-2857,SBS17a,1819.83045115444
HGG_7316-2857,SBS19,5393.55468500817
HGG_7316-2857,SBS25,1994.54742863386
HGG_7316-2857,SBS26,15879.5601498448
HGG_7316-2857,SBS29,516.872797449927
HGG_7316-2857,SBS30,4018.14034012
HGG_7316-2857,SBS32,4453.17457630096
HGG_7316-2857,SBS33,7507.61140559085
HGG_7316-2857,SBS34,551.828306044977
HGG_7316-2857,SBS37,9272.53407621559
HGG_7316-2857,SBS39,7884.20113772455
HGG_7316-2857,SBS40,35593.6145758901
HGG_7316-2857,SBS5,60942.2317354421
HGG_7316-2857,SBS6,8125.21928338406
HGG_7316-2857,SBS7b,335.738744322045
HGG_7316-2857,SBS85,4042.03514750698
HGG_7316-2857,SBS8,5601.4040436126
HGG_7316-2857,SBS87,5421.75784632151
HGG_7316-2857,SBS89,29570.4371718665
HGG_7316-2857,SBS91,140.08164989902
HGG_7316-2857,SBS9,1207.38774642042
HGG_7316-3000,SBS10b,1926.55791602319
HGG_7316-3000,SBS1,12679.4484970687
HGG_7316-3000,SBS17a,3493.37052886845
HGG_7316-3000,SBS19,5441.15504843175
HGG_7316-3000,SBS2,1133.0444829861
HGG_7316-3000,SBS26,14937.6683427258
HGG_7316-3000,SBS29,1558.13557516544
HGG_7316-3000,SBS30,1072.50729014689
HGG_7316-3000,SBS32,5139.05760525618
HGG_7316-3000,SBS33,7129.13510247847
HGG_7316-3000,SBS37,10146.7729192558
HGG_7316-3000,SBS39,3141.05351266965
HGG_7316-3000,SBS40,31872.6148888588
HGG_7316-3000,SBS5,64827.5691540925
HGG_7316-3000,SBS6,8544.48618699434
HGG_7316-3000,SBS7b,1726.10054868123
HGG_7316-3000,SBS85,11571.1622164515
HGG_7316-3000,SBS87,5256.21879721573
HGG_7316-3000,SBS89,52650.6106801612
HGG_7316-3022,SBS10b,2053.51169927303
HGG_7316-3022,SBS10d,401.015023158273
HGG_7316-3022,SBS1,12486.8210878208
HGG_7316-3022,SBS13,251.529733972664
HGG_7316-3022,SBS17a,1732.85561715858
HGG_7316-3022,SBS19,4973.92486379588
HGG_7316-3022,SBS26,16429.115695422
HGG_7316-3022,SBS29,458.276116593416
HGG_7316-3022,SBS30,2165.54751728518
HGG_7316-3022,SBS32,5735.79597969895
HGG_7316-3022,SBS33,6919.78051529828
HGG_7316-3022,SBS34,306.539119542343
HGG_7316-3022,SBS37,9267.51565210697
HGG_7316-3022,SBS39,5272.31849645023
HGG_7316-3022,SBS40,40639.808389933
HGG_7316-3022,SBS5,64103.3601908827
HGG_7316-3022,SBS6,8092.69895525725
HGG_7316-3022,SBS7b,1020.56540970962
HGG_7316-3022,SBS8,4894.48781286504
HGG_7316-3022,SBS85,5655.31177658813
HGG_7316-3022,SBS87,5036.73990741671
HGG_7316-3022,SBS89,29955.8777577463
HGG_7316-3022,SBS91,1530.92240043254
HGG_7316-3022,SBS9,451.723679384504
HGG_7316-3026,SBS10b,1962.94424540104
HGG_7316-3026,SBS10d,96.6562671360542
HGG_7316-3026,SBS1,11631.5606631262
HGG_7316-3026,SBS13,334.042329246873
HGG_7316-3026,SBS17a,1530.31386146267
HGG_7316-3026,SBS19,4450.24698865326
HGG_7316-3026,SBS25,720.14867145927
HGG_7316-3026,SBS26,14484.2921161678
HGG_7316-3026,SBS30,4000.04829822808
HGG_7316-3026,SBS32,4401.30494426753
HGG_7316-3026,SBS33,6599.55498193358
HGG_7316-3026,SBS34,457.096869801098
HGG_7316-3026,SBS37,10221.1669742092
HGG_7316-3026,SBS39,5129.84072510093
HGG_7316-3026,SBS40,36470.4251813705
HGG_7316-3026,SBS5,61884.1652935289
HGG_7316-3026,SBS6,6297.22590350139
HGG_7316-3026,SBS8,4865.22887821245
HGG_7316-3026,SBS85,4583.741280367
HGG_7316-3026,SBS87,4755.13169873417
HGG_7316-3026,SBS89,29071.4760777456
HGG_7316-3026,SBS91,651.662981175156
HGG_7316-3026,SBS9,707.784416812185
HGG_7316-3030,SBS10b,2076.91710419501
HGG_7316-3030,SBS1,11944.8331685404
HGG_7316-3030,SBS17a,3001.3905417192
HGG_7316-3030,SBS19,5229.18016963432
HGG_7316-3030,SBS26,13680.247898479
HGG_7316-3030,SBS29,2352.38722515055
HGG_7316-3030,SBS2,945.88205399389
HGG_7316-3030,SBS32,5854.78119029451
HGG_7316-3030,SBS33,6669.96687584539
HGG_7316-3030,SBS37,7257.14866136314
HGG_7316-3030,SBS39,2747.79035396795
HGG_7316-3030,SBS40,32473.8281218431
HGG_7316-3030,SBS5,55298.949464767
HGG_7316-3030,SBS6,7640.31198717789
HGG_7316-3030,SBS7b,2683.33168123835
HGG_7316-3030,SBS85,13748.7166140867
HGG_7316-3030,SBS87,4030.66194247687
HGG_7316-3030,SBS89,47883.9534244543
HGG_7316-3030,SBS91,1296.99731475457
HGG_7316-3075,SBS10b,1690.94428120233
HGG_7316-3075,SBS1,10855.5014912139
HGG_7316-3075,SBS17a,3054.36026673303
HGG_7316-3075,SBS19,4993.39303153325
HGG_7316-3075,SBS2,1114.97758559941
HGG_7316-3075,SBS26,12690.5365469439
HGG_7316-3075,SBS29,2345.67919823999
HGG_7316-3075,SBS32,4648.62372232321
HGG_7316-3075,SBS33,6115.1197947461
HGG_7316-3075,SBS37,7549.80666074243
HGG_7316-3075,SBS39,2557.59566565629
HGG_7316-3075,SBS40,35665.6503375161
HGG_7316-3075,SBS5,52754.8958077066
HGG_7316-3075,SBS6,7418.16395553598
HGG_7316-3075,SBS7b,2884.55503543989
HGG_7316-3075,SBS85,13243.588305829
HGG_7316-3075,SBS87,3955.93157101773
HGG_7316-3075,SBS89,47520.7283715487
HGG_7316-3075,SBS91,1284.88406790246
HGG_7316-339,SBS10b,1805.77652065373
HGG_7316-339,SBS1,10605.6095657944
HGG_7316-339,SBS17a,2666.40782373459
HGG_7316-339,SBS19,4652.36759778047
HGG_7316-339,SBS2,1181.08963140523
HGG_7316-339,SBS26,12874.6480658872
HGG_7316-339,SBS29,2141.76536059944
HGG_7316-339,SBS32,5703.55148796558
HGG_7316-339,SBS33,5749.59614987427
HGG_7316-339,SBS37,5639.17835435181
HGG_7316-339,SBS39,3992.36140426595
HGG_7316-339,SBS40,28866.0350876879
HGG_7316-339,SBS5,52880.0178309138
HGG_7316-339,SBS6,6937.50880264125
HGG_7316-339,SBS7b,2634.93235072643
HGG_7316-339,SBS85,13233.0778657638
HGG_7316-339,SBS87,4204.70066893446
HGG_7316-339,SBS89,42074.3500167891
HGG_7316-339,SBS91,144.481663930076
HGG_7316-343,SBS10b,1555.41496248785
HGG_7316-343,SBS10d,1094.67186438972
HGG_7316-343,SBS1,12302.3071127217
HGG_7316-343,SBS13,227.591215604553
HGG_7316-343,SBS17a,1682.96539705095
HGG_7316-343,SBS19,5025.75077980131
HGG_7316-343,SBS26,14669.2238746026
HGG_7316-343,SBS29,575.019465860169
HGG_7316-343,SBS30,1349.77290317477
HGG_7316-343,SBS32,5474.71616099379
HGG_7316-343,SBS33,6573.50372009622
HGG_7316-343,SBS34,205.373486777846
HGG_7316-343,SBS37,8101.16722501212
HGG_7316-343,SBS39,3353.29980898907
HGG_7316-343,SBS40,41950.105746051
HGG_7316-343,SBS5,63588.5448731167
HGG_7316-343,SBS6,6873.87096892514
HGG_7316-343,SBS7b,752.331108152503
HGG_7316-343,SBS8,3937.96374034491
HGG_7316-343,SBS85,5735.40096252933
HGG_7316-343,SBS87,5059.46877797317
HGG_7316-343,SBS89,30606.3563697843
HGG_7316-343,SBS91,1669.40715134959
HGG_7316-34,SBS10b,1999.05287367717
HGG_7316-34,SBS1,11315.3278423446
HGG_7316-34,SBS13,124.36288649283
HGG_7316-34,SBS17a,1768.11637935382
HGG_7316-34,SBS19,5126.57742344387
HGG_7316-34,SBS24,288.951770162085
HGG_7316-34,SBS26,11728.2085592814
HGG_7316-34,SBS30,3598.64368192337
HGG_7316-34,SBS32,4003.66525401189
HGG_7316-34,SBS33,5970.00055353338
HGG_7316-34,SBS34,42.3402288702644
HGG_7316-34,SBS37,11989.4182977867
HGG_7316-34,SBS39,7899.93094411583
HGG_7316-34,SBS40,33131.4417033266
HGG_7316-34,SBS44,260.422284809048
HGG_7316-34,SBS5,54376.3560836474
HGG_7316-34,SBS6,5703.2294100974
HGG_7316-34,SBS8,4310.10312018766
HGG_7316-34,SBS85,6447.04061758971
HGG_7316-34,SBS87,3418.63067244074
HGG_7316-34,SBS89,33860.010403665
HGG_7316-3521,SBS10b,1919.27648363704
HGG_7316-3521,SBS1,12015.1212241525
HGG_7316-3521,SBS17a,1790.00691888152
HGG_7316-3521,SBS19,4852.46466258814
HGG_7316-3521,SBS25,101.015151501972
HGG_7316-3521,SBS26,15219.7666696754
HGG_7316-3521,SBS29,568.403201699015
HGG_7316-3521,SBS30,1824.69161691309
HGG_7316-3521,SBS32,5687.53912022427
HGG_7316-3521,SBS33,6702.22893379914
HGG_7316-3521,SBS34,572.856527404005
HGG_7316-3521,SBS37,8491.61432522688
HGG_7316-3521,SBS39,5670.27377589956
HGG_7316-3521,SBS40,39642.6019834507
HGG_7316-3521,SBS5,60912.6931895873
HGG_7316-3521,SBS6,6591.64922052715
HGG_7316-3521,SBS7b,1035.55282669218
HGG_7316-3521,SBS8,2839.46802659632
HGG_7316-3521,SBS85,4749.35535279193
HGG_7316-3521,SBS87,5232.30158654677
HGG_7316-3521,SBS89,30138.4164617311
HGG_7316-3521,SBS91,299.203723746119
HGG_7316-3625,SBS10b,1841.77879562515
HGG_7316-3625,SBS1,11146.9890338804
HGG_7316-3625,SBS17a,2662.26326232881
HGG_7316-3625,SBS19,5307.22242923336
HGG_7316-3625,SBS2,1049.45051457085
HGG_7316-3625,SBS24,141.869045587304
HGG_7316-3625,SBS26,12336.639456597
HGG_7316-3625,SBS29,1399.06669402806
HGG_7316-3625,SBS32,5399.75994060845
HGG_7316-3625,SBS33,6346.77585411557
HGG_7316-3625,SBS37,9294.74371999766
HGG_7316-3625,SBS39,4186.15781676273
HGG_7316-3625,SBS40,27425.5556986694
HGG_7316-3625,SBS5,58117.4808008812
HGG_7316-3625,SBS6,7785.45216577795
HGG_7316-3625,SBS7b,2576.18484441859
HGG_7316-3625,SBS85,11015.2388570498
HGG_7316-3625,SBS87,4172.27344899842
HGG_7316-3625,SBS89,45121.1785008064
HGG_7316-3625,SBS91,43.8363446362411
HGG_7316-3636,SBS10a,325.143748195736
HGG_7316-3636,SBS10b,1581.82304420641
HGG_7316-3636,SBS1,16274.2455667649
HGG_7316-3636,SBS13,424.911185410731
HGG_7316-3636,SBS17a,2960.36286425133
HGG_7316-3636,SBS19,5163.98983877486
HGG_7316-3636,SBS2,411.752475564551
HGG_7316-3636,SBS25,125.658210507209
HGG_7316-3636,SBS26,15897.6744074473
HGG_7316-3636,SBS30,3482.83084301744
HGG_7316-3636,SBS32,7170.62331131443
HGG_7316-3636,SBS33,6671.89460493496
HGG_7316-3636,SBS34,665.51319797065
HGG_7316-3636,SBS37,10654.7314704958
HGG_7316-3636,SBS39,4252.90600740171
HGG_7316-3636,SBS40,35505.3656499715
HGG_7316-3636,SBS44,3554.48949475032
HGG_7316-3636,SBS5,91016.1821440819
HGG_7316-3636,SBS6,5290.70403496673
HGG_7316-3636,SBS8,5601.8348744483
HGG_7316-3636,SBS85,7840.26898709339
HGG_7316-3636,SBS87,4724.50300991937
HGG_7316-3636,SBS89,33810.2853250139
HGG_7316-3636,SBS91,568.610650468985
HGG_7316-3765,SBS10b,2031.53578363799
HGG_7316-3765,SBS1,11884.9984109918
HGG_7316-3765,SBS13,232.525574309912
HGG_7316-3765,SBS17a,1778.93683589958
HGG_7316-3765,SBS19,4752.92611865559
HGG_7316-3765,SBS24,70.7040872603404
HGG_7316-3765,SBS25,342.753198118183
HGG_7316-3765,SBS26,16307.1474312994
HGG_7316-3765,SBS30,2825.32247306643
HGG_7316-3765,SBS32,5269.22097579825
HGG_7316-3765,SBS33,6978.43705182126
HGG_7316-3765,SBS34,443.18312955043
HGG_7316-3765,SBS37,7544.39880140381
HGG_7316-3765,SBS39,6581.41966931716
HGG_7316-3765,SBS40,35441.8528299366
HGG_7316-3765,SBS5,65149.3423008668
HGG_7316-3765,SBS6,7571.81835341085
HGG_7316-3765,SBS7b,445.861893148929
HGG_7316-3765,SBS8,4951.95806504846
HGG_7316-3765,SBS85,4627.62141679089
HGG_7316-3765,SBS87,5531.47429937685
HGG_7316-3765,SBS89,27971.2228456516
HGG_7316-3765,SBS9,1360.59840567488
HGG_7316-3765,SBS91,500.438440381522
HGG_7316-3769,SBS10b,2002.00536076587
HGG_7316-3769,SBS1,12542.4283626864
HGG_7316-3769,SBS13,334.567658558472
HGG_7316-3769,SBS17a,1738.54729893878
HGG_7316-3769,SBS19,4482.22645047968
HGG_7316-3769,SBS26,15128.7572919941
HGG_7316-3769,SBS29,19.388980956351
HGG_7316-3769,SBS30,3832.15594657498
HGG_7316-3769,SBS32,5191.13965606703
HGG_7316-3769,SBS33,6540.73773438916
HGG_7316-3769,SBS34,592.434937893136
HGG_7316-3769,SBS37,8382.86216162135
HGG_7316-3769,SBS39,5226.38727700479
HGG_7316-3769,SBS40,35134.4273047803
HGG_7316-3769,SBS5,65884.287846849
HGG_7316-3769,SBS6,5765.72698186289
HGG_7316-3769,SBS7b,248.702150166185
HGG_7316-3769,SBS8,4542.29914325871
HGG_7316-3769,SBS85,4799.56584274918
HGG_7316-3769,SBS87,4687.07424174575
HGG_7316-3769,SBS89,28735.0403788037
HGG_7316-3769,SBS91,433.67758285172
HGG_7316-3771,SBS10b,2116.34217892187
HGG_7316-3771,SBS1,11797.1215646773
HGG_7316-3771,SBS13,24.913287892543
HGG_7316-3771,SBS17a,1676.87012045913
HGG_7316-3771,SBS19,4908.59648760929
HGG_7316-3771,SBS24,16.5550261825975
HGG_7316-3771,SBS25,232.84886782102
HGG_7316-3771,SBS26,15423.0614865942
HGG_7316-3771,SBS29,468.750887767026
HGG_7316-3771,SBS30,2723.0681771438
HGG_7316-3771,SBS32,4748.24920250265
HGG_7316-3771,SBS33,6959.6541164178
HGG_7316-3771,SBS34,316.206691666624
HGG_7316-3771,SBS37,8159.07754996545
HGG_7316-3771,SBS39,6016.98298085682
HGG_7316-3771,SBS40,39657.8865166077
HGG_7316-3771,SBS5,61199.0721271065
HGG_7316-3771,SBS6,7005.98990671771
HGG_7316-3771,SBS7b,617.404315461455
HGG_7316-3771,SBS8,4099.1771893825
HGG_7316-3771,SBS85,5574.80379680426
HGG_7316-3771,SBS87,5164.48705966275
HGG_7316-3771,SBS89,28349.6563098699
HGG_7316-3771,SBS91,506.187054145205
HGG_7316-3771,SBS9,195.05760749635
HGG_7316-388,SBS10b,1812.21370348257
HGG_7316-388,SBS1,10500.2358656207
HGG_7316-388,SBS17a,3733.74655581114
HGG_7316-388,SBS19,5357.75601980287
HGG_7316-388,SBS2,1302.38911564853
HGG_7316-388,SBS24,375.140235138496
HGG_7316-388,SBS26,12929.3551763138
HGG_7316-388,SBS29,1485.78738276914
HGG_7316-388,SBS32,4488.35116789537
HGG_7316-388,SBS33,6282.4549145484
HGG_7316-388,SBS37,9927.11918330159
HGG_7316-388,SBS39,2400.09248181234
HGG_7316-388,SBS40,31304.631814259
HGG_7316-388,SBS5,50960.2862787023
HGG_7316-388,SBS6,8715.5860650737
HGG_7316-388,SBS7b,2987.15466522141
HGG_7316-388,SBS85,12060.0144826402
HGG_7316-388,SBS87,5251.58758816617
HGG_7316-388,SBS89,51254.4788898256
HGG_7316-388,SBS91,881.670940571008
HGG_7316-392,SBS10b,1822.98512669153
HGG_7316-392,SBS1,11634.8155689315
HGG_7316-392,SBS13,210.934429414831
HGG_7316-392,SBS17a,1830.0181451064
HGG_7316-392,SBS19,5101.46622571656
HGG_7316-392,SBS26,13491.4741460611
HGG_7316-392,SBS28,181.039618982411
HGG_7316-392,SBS30,4402.77939314121
HGG_7316-392,SBS32,3654.83040145802
HGG_7316-392,SBS33,6002.03485207071
HGG_7316-392,SBS34,177.555707250199
HGG_7316-392,SBS37,9793.1273976845
HGG_7316-392,SBS39,6813.36437747058
HGG_7316-392,SBS40,33070.9976700174
HGG_7316-392,SBS5,59269.2535880783
HGG_7316-392,SBS6,5700.86296144688
HGG_7316-392,SBS7b,169.263972144324
HGG_7316-392,SBS8,4287.88763171211
HGG_7316-392,SBS85,7168.20570661724
HGG_7316-392,SBS87,4461.52551007666
HGG_7316-392,SBS89,33964.0228189599
HGG_7316-3935,SBS10b,1888.9882774822
HGG_7316-3935,SBS1,13757.1803509953
HGG_7316-3935,SBS17a,1473.14875565319
HGG_7316-3935,SBS19,5604.88597169774
HGG_7316-3935,SBS25,66.7947059368159
HGG_7316-3935,SBS26,15860.9294652662
HGG_7316-3935,SBS30,3316.15431061294
HGG_7316-3935,SBS32,4462.32483967388
HGG_7316-3935,SBS33,7237.77982506381
HGG_7316-3935,SBS34,644.404797935483
HGG_7316-3935,SBS37,8914.85576338214
HGG_7316-3935,SBS39,5663.25636195566
HGG_7316-3935,SBS40,35581.6788848
HGG_7316-3935,SBS5,74715.1028589347
HGG_7316-3935,SBS6,5973.81824909494
HGG_7316-3935,SBS85,3469.09461165753
HGG_7316-3935,SBS8,5498.76894274708
HGG_7316-3935,SBS87,5045.65688496165
HGG_7316-3935,SBS89,29155.3910728745
HGG_7316-3935,SBS9,1406.19331911116
HGG_7316-3935,SBS91,495.157809476771
HGG_7316-409,SBS10b,1845.45173445362
HGG_7316-409,SBS17a,3048.93362793155
HGG_7316-409,SBS19,4873.66919350652
HGG_7316-409,SBS1,9623.58027867575
HGG_7316-409,SBS2,1437.02120111504
HGG_7316-409,SBS26,11711.2989724517
HGG_7316-409,SBS29,2532.72119234
HGG_7316-409,SBS32,5573.55503775059
HGG_7316-409,SBS33,5528.15903528244
HGG_7316-409,SBS37,7952.92635638035
HGG_7316-409,SBS39,2578.8152646503
HGG_7316-409,SBS40,32199.4002355592
HGG_7316-409,SBS5,49223.7340416266
HGG_7316-409,SBS6,8028.81357020709
HGG_7316-409,SBS7b,3117.36862142074
HGG_7316-409,SBS85,14073.4676214922
HGG_7316-409,SBS87,4087.88703855386
HGG_7316-409,SBS89,47788.8181137313
HGG_7316-409,SBS91,910.005666786802
HGG_7316-4215,SBS10a,1568.10860821002
HGG_7316-4215,SBS10b,2173.81327221883
HGG_7316-4215,SBS1,12180.6837584153
HGG_7316-4215,SBS13,69.3818970939963
HGG_7316-4215,SBS17a,2180.56411061767
HGG_7316-4215,SBS19,4437.50209749385
HGG_7316-4215,SBS2,1584.81463119003
HGG_7316-4215,SBS22,271.959336259303
HGG_7316-4215,SBS25,3914.69344063391
HGG_7316-4215,SBS26,14198.5205247963
HGG_7316-4215,SBS28,341.135191314649
HGG_7316-4215,SBS32,6910.67230387344
HGG_7316-4215,SBS33,6215.87788652337
HGG_7316-4215,SBS37,8426.18626578855
HGG_7316-4215,SBS39,5332.36910339727
HGG_7316-4215,SBS40,32314.7679469455
HGG_7316-4215,SBS5,68828.5940207253
HGG_7316-4215,SBS6,7470.90970594814
HGG_7316-4215,SBS7b,2325.19658890693
HGG_7316-4215,SBS85,7503.912493587
HGG_7316-4215,SBS87,4467.41380380208
HGG_7316-4215,SBS89,36145.3160319655
HGG_7316-4215,SBS8,9552.78897518376
HGG_7316-4215,SBS91,403.059166809359
HGG_7316-4293,SBS10b,1900.11295597975
HGG_7316-4293,SBS1,14608.8999823177
HGG_7316-4293,SBS13,379.061982772823
HGG_7316-4293,SBS17a,2179.45350126872
HGG_7316-4293,SBS19,5045.83189717154
HGG_7316-4293,SBS2,153.555461532695
HGG_7316-4293,SBS26,17900.864032843
HGG_7316-4293,SBS30,2784.20615821866
HGG_7316-4293,SBS32,7192.34267238905
HGG_7316-4293,SBS33,6635.37065621031
HGG_7316-4293,SBS34,586.709898212408
HGG_7316-4293,SBS37,7087.58410235369
HGG_7316-4293,SBS39,5998.5694726893
HGG_7316-4293,SBS40,37270.5322687811
HGG_7316-4293,SBS44,721.002063777737
HGG_7316-4293,SBS5,84829.799582877
HGG_7316-4293,SBS6,6644.29823380933
HGG_7316-4293,SBS8,4809.5105937272
HGG_7316-4293,SBS85,6354.46159770997
HGG_7316-4293,SBS87,4953.47667128472
HGG_7316-4293,SBS89,27681.0723813693
HGG_7316-4293,SBS9,139.226362002625
HGG_7316-4293,SBS91,94.4680447949675
HGG_7316-4337,SBS10a,230.558246156457
HGG_7316-4337,SBS10b,1866.37466449475
HGG_7316-4337,SBS10d,113.109978679774
HGG_7316-4337,SBS1,17723.4938392588
HGG_7316-4337,SBS13,267.165294425946
HGG_7316-4337,SBS17a,2787.70322758381
HGG_7316-4337,SBS19,4723.44082411338
HGG_7316-4337,SBS24,49.4597958620349
HGG_7316-4337,SBS26,17306.4176148322
HGG_7316-4337,SBS29,270.027634253105
HGG_7316-4337,SBS30,1872.32795133937
HGG_7316-4337,SBS32,7234.97142373929
HGG_7316-4337,SBS33,7291.1392350071
HGG_7316-4337,SBS34,869.919607043155
HGG_7316-4337,SBS37,7822.25307744597
HGG_7316-4337,SBS39,2829.51260650846
HGG_7316-4337,SBS40,41067.5323688412
HGG_7316-4337,SBS44,3647.19639721713
HGG_7316-4337,SBS5,103618.074946869
HGG_7316-4337,SBS6,4288.15701628139
HGG_7316-4337,SBS8,3622.54648756703
HGG_7316-4337,SBS85,7311.48472332783
HGG_7316-4337,SBS87,4579.83058229488
HGG_7316-4337,SBS89,33881.1760589344
HGG_7316-4337,SBS91,538.97537466949
HGG_7316-4347,SBS10b,1453.84605804061
HGG_7316-4347,SBS1,17989.8920490349
HGG_7316-4347,SBS13,311.102643120674
HGG_7316-4347,SBS17a,2204.72504267583
HGG_7316-4347,SBS19,5407.56116875804
HGG_7316-4347,SBS2,489.058385194181
HGG_7316-4347,SBS26,17110.9233255147
HGG_7316-4347,SBS29,763.257280152626
HGG_7316-4347,SBS30,1159.43113158343
HGG_7316-4347,SBS32,8572.04921679086
HGG_7316-4347,SBS33,6804.98144064169
HGG_7316-4347,SBS34,1098.13380950492
HGG_7316-4347,SBS37,7869.8334576531
HGG_7316-4347,SBS39,5787.01181369309
HGG_7316-4347,SBS40,35684.3808049413
HGG_7316-4347,SBS44,2910.25638177023
HGG_7316-4347,SBS5,99887.3213010413
HGG_7316-4347,SBS6,3500.87557072272
HGG_7316-4347,SBS8,2952.40760142698
HGG_7316-4347,SBS85,4825.34269862937
HGG_7316-4347,SBS87,4480.76053365953
HGG_7316-4347,SBS89,27339.3516508853
HGG_7316-4347,SBS91,185.065927768012
HGG_7316-4347,SBS9,890.132794712395
HGG_7316-4432,SBS10b,2026.32152134408
HGG_7316-4432,SBS1,16235.4993382608
HGG_7316-4432,SBS13,313.239246889105
HGG_7316-4432,SBS17a,2056.56373193162
HGG_7316-4432,SBS19,4886.84099072665
HGG_7316-4432,SBS2,223.208356659551
HGG_7316-4432,SBS26,15482.191425606
HGG_7316-4432,SBS28,7.31292233336941
HGG_7316-4432,SBS29,570.182454945818
HGG_7316-4432,SBS30,1563.43373535322
HGG_7316-4432,SBS32,8015.50617923091
HGG_7316-4432,SBS33,6611.59024998328
HGG_7316-4432,SBS34,744.509315417057
HGG_7316-4432,SBS37,8018.13959043139
HGG_7316-4432,SBS39,6461.29653549644
HGG_7316-4432,SBS40,36028.5185349174
HGG_7316-4432,SBS44,2797.63529714738
HGG_7316-4432,SBS5,89948.2972415834
HGG_7316-4432,SBS6,3399.45216339582
HGG_7316-4432,SBS8,1703.73660073007
HGG_7316-4432,SBS85,6359.02047832976
HGG_7316-4432,SBS87,4368.62059006471
HGG_7316-4432,SBS89,26710.860076167
HGG_7316-4432,SBS9,304.331487717771
HGG_7316-445,SBS10b,1689.82255391013
HGG_7316-445,SBS17a,3683.72723296991
HGG_7316-445,SBS1,9421.56572475877
HGG_7316-445,SBS19,4974.58508997257
HGG_7316-445,SBS2,1590.70849868028
HGG_7316-445,SBS24,494.400068505372
HGG_7316-445,SBS26,11366.1646834135
HGG_7316-445,SBS28,62.5875993404497
HGG_7316-445,SBS29,1525.11583114548
HGG_7316-445,SBS32,3653.07495828762
HGG_7316-445,SBS33,5815.69211235846
HGG_7316-445,SBS37,11580.0338524451
HGG_7316-445,SBS39,2829.01742558766
HGG_7316-445,SBS40,26024.9095312613
HGG_7316-445,SBS5,49097.5287824211
HGG_7316-445,SBS6,7826.83254438688
HGG_7316-445,SBS7b,3458.69630290413
HGG_7316-445,SBS85,12484.6126649842
HGG_7316-445,SBS87,4524.9984753466
HGG_7316-445,SBS89,55807.0705395709
HGG_7316-445,SBS91,218.451440779085
HGG_7316-4466,SBS10a,1304.59872984551
HGG_7316-4466,SBS10b,2119.36482278612
HGG_7316-4466,SBS1,15032.1072063801
HGG_7316-4466,SBS13,114.283715909355
HGG_7316-4466,SBS17a,2686.45661997551
HGG_7316-4466,SBS19,5188.83333510193
HGG_7316-4466,SBS2,1262.11815379395
HGG_7316-4466,SBS25,3642.13965146844
HGG_7316-4466,SBS26,15574.2330946235
HGG_7316-4466,SBS28,169.887232411398
HGG_7316-4466,SBS32,8070.44195310707
HGG_7316-4466,SBS33,7038.59428643996
HGG_7316-4466,SBS34,256.317970057585
HGG_7316-4466,SBS37,7617.83621650949
HGG_7316-4466,SBS39,4046.9881296846
HGG_7316-4466,SBS40,33957.3227242416
HGG_7316-4466,SBS44,1176.51159667656
HGG_7316-4466,SBS5,90187.1069483468
HGG_7316-4466,SBS6,6040.03776236429
HGG_7316-4466,SBS7b,1722.29999822799
HGG_7316-4466,SBS85,7700.03250374229
HGG_7316-4466,SBS8,6203.04815935441
HGG_7316-4466,SBS87,4397.65850885933
HGG_7316-4466,SBS89,39283.4794310882
HGG_7316-4466,SBS91,268.262304115733
HGG_7316-4466,SBS9,723.083596493578
HGG_7316-4516,SBS10b,1735.57792117427
HGG_7316-4516,SBS1,15937.1599140564
HGG_7316-4516,SBS13,209.096497182866
HGG_7316-4516,SBS17a,2421.27334631805
HGG_7316-4516,SBS19,4335.10346796792
HGG_7316-4516,SBS2,253.328889984631
HGG_7316-4516,SBS25,198.285492407575
HGG_7316-4516,SBS26,16156.5107567018
HGG_7316-4516,SBS30,1657.9250681239
HGG_7316-4516,SBS32,7370.19551140789
HGG_7316-4516,SBS33,6692.58541636579
HGG_7316-4516,SBS34,580.855504595026
HGG_7316-4516,SBS37,7134.41729865103
HGG_7316-4516,SBS39,4504.56820848367
HGG_7316-4516,SBS40,40204.6748616456
HGG_7316-4516,SBS44,751.311321519537
HGG_7316-4516,SBS5,85109.925791314
HGG_7316-4516,SBS6,4769.64252405127
HGG_7316-4516,SBS8,3155.97443650464
HGG_7316-4516,SBS85,7474.53525478948
HGG_7316-4516,SBS87,4440.56425008584
HGG_7316-4516,SBS89,35509.7494218598
HGG_7316-4516,SBS91,720.679064711891
HGG_7316-4516,SBS9,252.101245665334
HGG_7316-4552,SBS10b,1883.22956923646
HGG_7316-4552,SBS1,13898.2085348335
HGG_7316-4552,SBS13,462.742907204501
HGG_7316-4552,SBS17a,2548.26491732944
HGG_7316-4552,SBS19,4884.54206272079
HGG_7316-4552,SBS2,140.090408966153
HGG_7316-4552,SBS24,43.2611100906631
HGG_7316-4552,SBS26,14319.145995625
HGG_7316-4552,SBS30,3366.31396508052
HGG_7316-4552,SBS32,6102.82805853769
HGG_7316-4552,SBS33,6867.60527709697
HGG_7316-4552,SBS37,10530.5979626105
HGG_7316-4552,SBS39,4768.1052368487
HGG_7316-4552,SBS40,38357.9622238283
HGG_7316-4552,SBS44,2254.39053143756
HGG_7316-4552,SBS5,77373.8059569945
HGG_7316-4552,SBS6,6309.37826105902
HGG_7316-4552,SBS8,5755.0162522888
HGG_7316-4552,SBS85,8249.27152161244
HGG_7316-4552,SBS87,5383.04275796428
HGG_7316-4552,SBS89,34249.2602255103
HGG_7316-4552,SBS91,91.8440319906622
HGG_7316-45,SBS10b,1940.20426802213
HGG_7316-45,SBS1,10530.1231741792
HGG_7316-45,SBS17a,3059.13261676916
HGG_7316-45,SBS19,5511.70453357193
HGG_7316-45,SBS2,1158.7460127143
HGG_7316-45,SBS26,12641.9086607371
HGG_7316-45,SBS29,1904.43101695029
HGG_7316-45,SBS32,4719.86320175891
HGG_7316-45,SBS33,6184.84908143239
HGG_7316-45,SBS37,7109.28082031027
HGG_7316-45,SBS39,2842.17556687814
HGG_7316-45,SBS40,30415.1047111532
HGG_7316-45,SBS5,56539.6425263479
HGG_7316-45,SBS6,7913.63402288642
HGG_7316-45,SBS7b,2678.85049855663
HGG_7316-45,SBS85,13095.7848468371
HGG_7316-45,SBS87,5285.24285065345
HGG_7316-45,SBS89,47114.1369459575
HGG_7316-45,SBS91,209.154210610301
HGG_7316-461,SBS10b,1944.10627906531
HGG_7316-461,SBS1,13013.0737873506
HGG_7316-461,SBS17a,3172.72541289135
HGG_7316-461,SBS19,5399.16559686166
HGG_7316-461,SBS2,1173.51442041517
HGG_7316-461,SBS26,15058.1419975751
HGG_7316-461,SBS28,162.932794333323
HGG_7316-461,SBS29,2850.31529753743
HGG_7316-461,SBS32,6110.90194710223
HGG_7316-461,SBS33,6987.16279633069
HGG_7316-461,SBS37,5580.93999430935
HGG_7316-461,SBS39,1101.14804548448
HGG_7316-461,SBS40,34547.2450459965
HGG_7316-461,SBS5,69651.4254881948
HGG_7316-461,SBS6,8684.35038233226
HGG_7316-461,SBS7b,2706.12038509906
HGG_7316-461,SBS85,15843.6661102739
HGG_7316-461,SBS87,5202.03001759018
HGG_7316-461,SBS89,48986.4750135215
HGG_7316-461,SBS91,1614.05312987792
HGG_7316-466,SBS10b,1890.82958256915
HGG_7316-466,SBS1,11716.3058539729
HGG_7316-466,SBS17a,2756.83142895244
HGG_7316-466,SBS19,5372.01843247386
HGG_7316-466,SBS2,1005.21198885421
HGG_7316-466,SBS26,13694.3390487895
HGG_7316-466,SBS29,1647.98890062047
HGG_7316-466,SBS32,5311.7619844688
HGG_7316-466,SBS33,6280.92339207137
HGG_7316-466,SBS37,7714.87032402061
HGG_7316-466,SBS39,3380.10282010538
HGG_7316-466,SBS40,30425.1447001484
HGG_7316-466,SBS5,61877.2785323687
HGG_7316-466,SBS6,7991.02375455867
HGG_7316-466,SBS7b,2637.98956406208
HGG_7316-466,SBS85,11656.5628499456
HGG_7316-466,SBS87,4777.05098724521
HGG_7316-466,SBS89,43637.9765714009
HGG_7316-466,SBS91,348.188139830642
HGG_7316-4678,SBS10a,313.753040850165
HGG_7316-4678,SBS10b,2049.51187370957
HGG_7316-4678,SBS1,15835.317585003
HGG_7316-4678,SBS13,532.3340594766
HGG_7316-4678,SBS17a,2478.76286447571
HGG_7316-4678,SBS18,313.647886129662
HGG_7316-4678,SBS19,5349.45979604729
HGG_7316-4678,SBS2,166.188644899541
HGG_7316-4678,SBS24,200.686230578703
HGG_7316-4678,SBS25,432.122582880736
HGG_7316-4678,SBS26,15418.0445832874
HGG_7316-4678,SBS30,3384.15475753959
HGG_7316-4678,SBS32,6850.65815331999
HGG_7316-4678,SBS33,6835.49874380558
HGG_7316-4678,SBS34,634.234645640111
HGG_7316-4678,SBS37,12245.5555720549
HGG_7316-4678,SBS39,3971.93281993369
HGG_7316-4678,SBS40,38730.0221325708
HGG_7316-4678,SBS44,2968.78851057455
HGG_7316-4678,SBS5,88948.8436403858
HGG_7316-4678,SBS6,6093.28987290541
HGG_7316-4678,SBS85,7220.68855119543
HGG_7316-4678,SBS8,6538.08644460067
HGG_7316-4678,SBS87,4863.01455507346
HGG_7316-4678,SBS89,33634.6950872702
HGG_7316-4678,SBS91,572.202423747595
HGG_7316-4723,SBS10a,2172.06948534933
HGG_7316-4723,SBS10b,2265.02887029186
HGG_7316-4723,SBS10d,637.807672331818
HGG_7316-4723,SBS1,14231.9956527252
HGG_7316-4723,SBS13,173.000519805882
HGG_7316-4723,SBS17a,3091.79288576008
HGG_7316-4723,SBS19,5150.79817227856
HGG_7316-4723,SBS2,1629.77683316176
HGG_7316-4723,SBS22,619.188020638634
HGG_7316-4723,SBS25,2633.29392828964
HGG_7316-4723,SBS26,16265.1219129874
HGG_7316-4723,SBS28,82.0826331331281
HGG_7316-4723,SBS32,7791.56996162095
HGG_7316-4723,SBS33,6971.34894482733
HGG_7316-4723,SBS37,7111.60592058404
HGG_7316-4723,SBS39,1901.88853231527
HGG_7316-4723,SBS40,36774.8206267588
HGG_7316-4723,SBS5,86660.7638680179
HGG_7316-4723,SBS6,7059.73937520329
HGG_7316-4723,SBS7b,1240.04572474666
HGG_7316-4723,SBS85,8699.47256513158
HGG_7316-4723,SBS8,6830.20263273493
HGG_7316-4723,SBS87,5898.28586518377
HGG_7316-4723,SBS89,44435.8163190896
HGG_7316-4723,SBS9,145.510987030249
HGG_7316-4723,SBS91,459.359994961019
HGG_7316-4917,SBS10a,1238.57409034675
HGG_7316-4917,SBS10b,2707.86079321611
HGG_7316-4917,SBS1,19636.6670601869
HGG_7316-4917,SBS13,215.729464087075
HGG_7316-4917,SBS17a,2912.72778236272
HGG_7316-4917,SBS19,5760.1922793324
HGG_7316-4917,SBS2,1034.52679560809
HGG_7316-4917,SBS25,3816.6841783926
HGG_7316-4917,SBS26,16356.1705449792
HGG_7316-4917,SBS28,162.21194432653
HGG_7316-4917,SBS32,8283.37239915243
HGG_7316-4917,SBS33,7646.17676692805
HGG_7316-4917,SBS34,407.656203149942
HGG_7316-4917,SBS37,9307.30180999878
HGG_7316-4917,SBS39,1467.03144582286
HGG_7316-4917,SBS40,37752.0998330313
HGG_7316-4917,SBS44,2705.86749149535
HGG_7316-4917,SBS5,117963.758604939
HGG_7316-4917,SBS6,6216.60218482927
HGG_7316-4917,SBS7b,426.384865902924
HGG_7316-4917,SBS85,8925.4884291552
HGG_7316-4917,SBS8,5924.70784404431
HGG_7316-4917,SBS87,4630.28732181275
HGG_7316-4917,SBS89,45092.1457500421
HGG_7316-4917,SBS91,666.647710574013
HGG_7316-4942,SBS10a,1361.49318586236
HGG_7316-4942,SBS10b,2218.98745781932
HGG_7316-4942,SBS10d,437.002225417668
HGG_7316-4942,SBS1,14451.5801511586
HGG_7316-4942,SBS13,215.783777430152
HGG_7316-4942,SBS17a,2699.50117795749
HGG_7316-4942,SBS19,5429.45981293918
HGG_7316-4942,SBS2,1412.27704241713
HGG_7316-4942,SBS22,407.182400515674
HGG_7316-4942,SBS25,2470.33041117536
HGG_7316-4942,SBS26,17361.8653304296
HGG_7316-4942,SBS28,212.05013285622
HGG_7316-4942,SBS32,8203.74377083341
HGG_7316-4942,SBS33,6485.45476481391
HGG_7316-4942,SBS34,20.5259919762113
HGG_7316-4942,SBS37,6124.3271117604
HGG_7316-4942,SBS39,2898.85774558667
HGG_7316-4942,SBS40,38268.0465504521
HGG_7316-4942,SBS5,82032.0808950494
HGG_7316-4942,SBS6,6778.13032884504
HGG_7316-4942,SBS7b,920.779321796733
HGG_7316-4942,SBS85,8803.30840730127
HGG_7316-4942,SBS87,4936.85084188461
HGG_7316-4942,SBS8,7597.98623639587
HGG_7316-4942,SBS89,39527.4393357602
HGG_7316-4942,SBS91,457.136461020123
HGG_7316-4993,SBS10b,2262.51611919162
HGG_7316-4993,SBS10d,397.452117758946
HGG_7316-4993,SBS1,13985.5635678376
HGG_7316-4993,SBS13,225.627564767395
HGG_7316-4993,SBS17a,2561.39864259383
HGG_7316-4993,SBS19,5119.0683098023
HGG_7316-4993,SBS25,1077.61891480792
HGG_7316-4993,SBS26,18132.9650149507
HGG_7316-4993,SBS30,2192.27164597205
HGG_7316-4993,SBS32,7004.83833648345
HGG_7316-4993,SBS33,6652.94940916885
HGG_7316-4993,SBS34,658.597590487402
HGG_7316-4993,SBS37,8805.21486006676
HGG_7316-4993,SBS39,3129.98306627737
HGG_7316-4993,SBS40,46565.9632350547
HGG_7316-4993,SBS5,73465.0096974708
HGG_7316-4993,SBS6,8071.39367550585
HGG_7316-4993,SBS85,7196.82108513174
HGG_7316-4993,SBS8,7333.75624394511
HGG_7316-4993,SBS87,5183.43649209961
HGG_7316-4993,SBS89,38615.0737821407
HGG_7316-4993,SBS91,1275.92150133744
HGG_7316-5087,SBS10a,1310.20334226409
HGG_7316-5087,SBS10b,2029.22967375092
HGG_7316-5087,SBS10d,248.454149984821
HGG_7316-5087,SBS1,14702.9696589948
HGG_7316-5087,SBS13,376.716538330929
HGG_7316-5087,SBS17a,2435.25837471483
HGG_7316-5087,SBS19,5236.47374516193
HGG_7316-5087,SBS2,1405.14135033458
HGG_7316-5087,SBS25,3767.57352082269
HGG_7316-5087,SBS26,14359.0599328451
HGG_7316-5087,SBS32,8243.94317485387
HGG_7316-5087,SBS33,6562.53644056879
HGG_7316-5087,SBS34,395.423928167814
HGG_7316-5087,SBS37,11526.9060193494
HGG_7316-5087,SBS39,3382.05574865873
HGG_7316-5087,SBS40,36282.6307715998
HGG_7316-5087,SBS44,615.315324378094
HGG_7316-5087,SBS5,83005.9751598539
HGG_7316-5087,SBS6,6561.1010097669
HGG_7316-5087,SBS7b,1208.30001003629
HGG_7316-5087,SBS85,7332.17541076221
HGG_7316-5087,SBS8,7271.12230005081
HGG_7316-5087,SBS87,5015.63440040441
HGG_7316-5087,SBS89,38863.4999742021
HGG_7316-5087,SBS91,579.191482035142
HGG_7316-5087,SBS9,372.068355383985
HGG_7316-515,SBS10b,1495.32443637289
HGG_7316-515,SBS1,10231.0737507418
HGG_7316-515,SBS17a,3120.60373266631
HGG_7316-515,SBS19,5021.00313378037
HGG_7316-515,SBS2,1270.29302982441
HGG_7316-515,SBS26,12260.2448585137
HGG_7316-515,SBS28,207.168536099533
HGG_7316-515,SBS29,2760.04804744504
HGG_7316-515,SBS32,5068.84833562554
HGG_7316-515,SBS33,5757.4049193501
HGG_7316-515,SBS37,6984.00879241033
HGG_7316-515,SBS39,2051.87975849159
HGG_7316-515,SBS40,28706.7005251301
HGG_7316-515,SBS5,53961.9238136347
HGG_7316-515,SBS6,7567.51861183535
HGG_7316-515,SBS7b,2480.62930514047
HGG_7316-515,SBS85,14333.0461033352
HGG_7316-515,SBS87,4096.1329265162
HGG_7316-515,SBS89,48217.018336779
HGG_7316-515,SBS91,653.538936642115
HGG_7316-5267,SBS10a,256.33466851457
HGG_7316-5267,SBS10b,2168.98460365645
HGG_7316-5267,SBS1,14567.4560352677
HGG_7316-5267,SBS13,221.717509617359
HGG_7316-5267,SBS17a,2447.49094071666
HGG_7316-5267,SBS19,4704.9127056483
HGG_7316-5267,SBS24,182.303556240974
HGG_7316-5267,SBS26,17126.1880540784
HGG_7316-5267,SBS30,3201.12252272358
HGG_7316-5267,SBS32,6972.09414969532
HGG_7316-5267,SBS33,6751.06039350043
HGG_7316-5267,SBS34,550.712465687094
HGG_7316-5267,SBS37,8355.51999766436
HGG_7316-5267,SBS39,4227.40065311695
HGG_7316-5267,SBS40,40741.537193533
HGG_7316-5267,SBS44,1183.64594781409
HGG_7316-5267,SBS5,80077.308654268
HGG_7316-5267,SBS6,6066.815499662
HGG_7316-5267,SBS8,4225.62897598536
HGG_7316-5267,SBS85,7657.10516232842
HGG_7316-5267,SBS87,5057.43060256408
HGG_7316-5267,SBS89,35834.9946773083
HGG_7316-5267,SBS91,284.627030301687
HGG_7316-5267,SBS9,522.280438536879
HGG_7316-71,SBS10b,1604.56007569217
HGG_7316-71,SBS17a,3032.66486581098
HGG_7316-71,SBS19,4831.3801859985
HGG_7316-71,SBS1,9937.60981702556
HGG_7316-71,SBS2,1210.26414155812
HGG_7316-71,SBS24,117.9783513721
HGG_7316-71,SBS26,11921.4055271978
HGG_7316-71,SBS29,1308.71190341536
HGG_7316-71,SBS30,173.834247220246
HGG_7316-71,SBS32,4592.59747393911
HGG_7316-71,SBS33,5937.48273563452
HGG_7316-71,SBS37,10203.2077018149
HGG_7316-71,SBS39,4065.15990737964
HGG_7316-71,SBS40,26589.6628338668
HGG_7316-71,SBS5,49637.1652071535
HGG_7316-71,SBS6,7099.98494550296
HGG_7316-71,SBS7b,2446.90924866261
HGG_7316-71,SBS85,10029.0287225053
HGG_7316-71,SBS87,4320.63697712966
HGG_7316-71,SBS89,46576.3418919658
HGG_7316-85,SBS10b,1772.7178399349
HGG_7316-85,SBS1,11079.8047124831
HGG_7316-85,SBS17a,3414.41324643047
HGG_7316-85,SBS19,5304.20291644738
HGG_7316-85,SBS2,1245.69653375888
HGG_7316-85,SBS24,581.710415818067
HGG_7316-85,SBS26,12995.9136146268
HGG_7316-85,SBS28,32.631101065676
HGG_7316-85,SBS29,1352.92429906524
HGG_7316-85,SBS32,5350.54920810388
HGG_7316-85,SBS33,6538.11716683653
HGG_7316-85,SBS37,10355.9371284921
HGG_7316-85,SBS39,4199.00590414549
HGG_7316-85,SBS40,31361.2973052508
HGG_7316-85,SBS5,58726.1658490618
HGG_7316-85,SBS6,8803.3516257312
HGG_7316-85,SBS7b,2602.74299418854
HGG_7316-85,SBS85,10863.0858610702
HGG_7316-85,SBS87,4089.02114067506
HGG_7316-85,SBS89,49228.7221118264
HGG_7316-85,SBS91,312.483831068231
HGG_7316-870,SBS10b,1513.65468242668
HGG_7316-870,SBS17a,3281.34902431409
HGG_7316-870,SBS19,5207.66293852131
HGG_7316-870,SBS1,9682.14186794174
HGG_7316-870,SBS2,1161.49813222898
HGG_7316-870,SBS24,197.866679575225
HGG_7316-870,SBS26,10805.919171506
HGG_7316-870,SBS28,260.906309542263
HGG_7316-870,SBS29,1912.50357425575
HGG_7316-870,SBS32,3893.45738603985
HGG_7316-870,SBS33,5774.98588790566
HGG_7316-870,SBS37,9525.95423058133
HGG_7316-870,SBS39,2507.79497017393
HGG_7316-870,SBS40,26730.4154300927
HGG_7316-870,SBS5,46841.6496102307
HGG_7316-870,SBS6,7736.30259070216
HGG_7316-870,SBS7b,2502.12143032401
HGG_7316-870,SBS85,12756.6861548944
HGG_7316-870,SBS87,3734.81025823625
HGG_7316-870,SBS89,51579.4041938629
HGG_7316-870,SBS91,689.803034442027
HGG_7316-8734,SBS10b,1803.20569375663
HGG_7316-8734,SBS10d,2036.4381629719
HGG_7316-8734,SBS1,12601.5685229712
HGG_7316-8734,SBS13,664.342673752189
HGG_7316-8734,SBS17a,1794.93368535748
HGG_7316-8734,SBS19,4984.27064203837
HGG_7316-8734,SBS26,15538.5172434178
HGG_7316-8734,SBS29,1392.13397685541
HGG_7316-8734,SBS30,2924.93786565458
HGG_7316-8734,SBS32,6751.02074540327
HGG_7316-8734,SBS33,6860.92735368226
HGG_7316-8734,SBS34,187.698548008564
HGG_7316-8734,SBS37,11764.0090898696
HGG_7316-8734,SBS39,4224.99200307549
HGG_7316-8734,SBS40,46151.6412007087
HGG_7316-8734,SBS5,56459.5176197351
HGG_7316-8734,SBS6,8796.21396542389
HGG_7316-8734,SBS7b,685.24869478585
HGG_7316-8734,SBS85,6842.57168368328
HGG_7316-8734,SBS87,6888.94439986915
HGG_7316-8734,SBS8,8851.40004840517
HGG_7316-8734,SBS89,36251.870356774
HGG_7316-8734,SBS91,2224.77549373405
HGG_7316-895,SBS10b,1922.46426331782
HGG_7316-895,SBS10d,5.23494145741138
HGG_7316-895,SBS1,10203.0391897197
HGG_7316-895,SBS17a,3784.87039282252
HGG_7316-895,SBS19,5054.17491878598
HGG_7316-895,SBS2,1269.9253688706
HGG_7316-895,SBS26,12879.2673995264
HGG_7316-895,SBS29,2406.1469135931
HGG_7316-895,SBS32,3963.11697138943
HGG_7316-895,SBS33,6113.58802998187
HGG_7316-895,SBS37,5326.68899698289
HGG_7316-895,SBS39,1467.79562512658
HGG_7316-895,SBS40,32882.3458556075
HGG_7316-895,SBS5,46051.7956331033
HGG_7316-895,SBS6,8076.78399439507
HGG_7316-895,SBS7b,3168.2286023118
HGG_7316-895,SBS85,17626.7133515407
HGG_7316-895,SBS87,4339.61856524987
HGG_7316-895,SBS89,53962.5699497873
HGG_7316-895,SBS91,2140.154250266
HGG_7316-89,SBS10b,1821.31871241129
HGG_7316-89,SBS1,10566.1411783801
HGG_7316-89,SBS17a,3126.62777200045
HGG_7316-89,SBS19,5212.45051698466
HGG_7316-89,SBS2,1476.89383212147
HGG_7316-89,SBS26,13911.7854875364
HGG_7316-89,SBS29,2955.60902728586
HGG_7316-89,SBS32,6214.71588256198
HGG_7316-89,SBS33,6101.35829977399
HGG_7316-89,SBS37,7302.49341641722
HGG_7316-89,SBS39,2748.07549170887
HGG_7316-89,SBS40,32297.199936526
HGG_7316-89,SBS5,53184.3329277673
HGG_7316-89,SBS6,7784.55864279546
HGG_7316-89,SBS7b,2697.56987227721
HGG_7316-89,SBS85,14206.1597576342
HGG_7316-89,SBS87,5262.00986133183
HGG_7316-89,SBS89,47738.9798510583
HGG_7316-89,SBS91,1411.0973197064
HGG_7316-903,SBS10b,1643.51784031996
HGG_7316-903,SBS1,10095.337643923
HGG_7316-903,SBS17a,3661.89172961838
HGG_7316-903,SBS19,5480.61817073434
HGG_7316-903,SBS2,1541.45043931613
HGG_7316-903,SBS24,1289.84310547485
HGG_7316-903,SBS26,11949.4956417428
HGG_7316-903,SBS28,299.272981373565
HGG_7316-903,SBS29,1079.09248555886
HGG_7316-903,SBS32,4417.8917868405
HGG_7316-903,SBS33,6061.67285663875
HGG_7316-903,SBS37,10691.515673103
HGG_7316-903,SBS39,3373.88711773534
HGG_7316-903,SBS40,21480.6134753298
HGG_7316-903,SBS5,48081.4989043091
HGG_7316-903,SBS6,7950.19072915221
HGG_7316-903,SBS7b,3140.81369495761
HGG_7316-903,SBS85,12242.395032974
HGG_7316-903,SBS87,3939.52161638648
HGG_7316-903,SBS89,53491.8855009612
HGG_7316-903,SBS91,700.394426243224
HGG_7316-913,SBS10b,1792.69943496825
HGG_7316-913,SBS1,11603.1298503371
HGG_7316-913,SBS17a,3270.92097239361
HGG_7316-913,SBS19,5202.61365691366
HGG_7316-913,SBS2,1088.82129729132
HGG_7316-913,SBS26,13159.597923184
HGG_7316-913,SBS29,1728.05539715077
HGG_7316-913,SBS32,5127.6307285616
HGG_7316-913,SBS33,6248.91543441777
HGG_7316-913,SBS37,8208.30178864856
HGG_7316-913,SBS39,2381.16467211657
HGG_7316-913,SBS40,27742.2763054892
HGG_7316-913,SBS5,60194.4375740885
HGG_7316-913,SBS6,7266.69672243452
HGG_7316-913,SBS7b,2404.68071571521
HGG_7316-913,SBS85,12275.6500883296
HGG_7316-913,SBS87,4401.62979320702
HGG_7316-913,SBS89,48789.8204790261
HGG_7316-913,SBS91,840.025346827555
O_Cav7316-3017,SBS5,69546.52045
O_Cav7316-2179,SBS5,63291.45965
O_Cav7316-92,SBS5,51639.01004
O_Cav7316-92,SBS89,49769.62841
O_Cav7316-2179,SBS89,47090.63251
O_Cav7316-3017,SBS40,37474.48106
O_Cav7316-2179,SBS40,31301.83724
O_Cav7316-3017,SBS89,30697.70548
O_Cav7316-92,SBS40,28705.95754
O_Cav7316-92,SBS85,14978.66668
O_Cav7316-3017,SBS26,14145.55976
O_Cav7316-2179,SBS26,12896.76054
O_Cav7316-92,SBS26,12894.40545
O_Cav7316-3017,SBS1,12463.75554
O_Cav7316-2179,SBS85,12031.13278
O_Cav7316-3017,SBS37,11995.93368
O_Cav7316-2179,SBS1,11557.88166
O_Cav7316-92,SBS1,10109.31256
O_Cav7316-3017,SBS6,8585.634524
O_Cav7316-2179,SBS37,8561.463208
O_Cav7316-3017,SBS39,8044.846573
O_Cav7316-2179,SBS6,7964.920833
O_Cav7316-92,SBS6,7723.254652
O_Cav7316-3017,SBS33,7660.80289
O_Cav7316-92,SBS37,7565.14466
O_Cav7316-3017,SBS8,6707.316876
O_Cav7316-3017,SBS85,6321.312001
O_Cav7316-2179,SBS33,6279.72857
O_Cav7316-92,SBS33,5810.432019
O_Cav7316-2179,SBS32,5690.866479
O_Cav7316-2179,SBS19,5510.58948
O_Cav7316-3017,SBS32,5440.695132
O_Cav7316-3017,SBS19,5378.245073
O_Cav7316-92,SBS32,5278.417373
O_Cav7316-3017,SBS87,5253.962111
O_Cav7316-2179,SBS87,5144.479161
O_Cav7316-92,SBS19,5125.363539
O_Cav7316-92,SBS87,4455.57754
O_Cav7316-92,SBS39,4097.887639
O_Cav7316-3017,SBS30,3846.833341
O_Cav7316-92,SBS7b,3425.306575
O_Cav7316-2179,SBS17a,3416.758501
O_Cav7316-92,SBS17a,3355.718737
O_Cav7316-2179,SBS39,2873.370388
O_Cav7316-92,SBS29,2685.606851
O_Cav7316-2179,SBS7b,2528.673321
O_Cav7316-3017,SBS10b,2399.170338
O_Cav7316-3017,SBS17a,2067.660273
O_Cav7316-92,SBS10b,1927.396475
O_Cav7316-2179,SBS29,1845.048644
O_Cav7316-2179,SBS10b,1634.469202
O_Cav7316-92,SBS2,1462.341832
O_Cav7316-2179,SBS2,1102.193214
O_Cav7316-3017,SBS13,410.7156949
O_Cav7316-2179,SBS24,368.1138155
O_Cav7316-3017,SBS29,342.1941483
O_Cav7316-3017,SBS34,332.7824816
O_Cav7316-92,SBS91,210.6671569
O_Cav7316-3017,SBS25,206.0506079
O_Cav7316-3017,SBS2,94.53620147
O_Cav7316-3017,SBS7b,88.93340834
O_Dysp7316-1675,SBS5,58844.30742
O_Dysp7316-1675,SBS89,49587.3031
O_Dysp7316-1675,SBS40,30567.10553
O_Dysp7316-1675,SBS26,13331.76096
O_Dysp7316-1675,SBS85,11938.5206
O_Dysp7316-1675,SBS1,11716.69973
O_Dysp7316-1675,SBS37,8310.568197
O_Dysp7316-1675,SBS6,7382.523573
O_Dysp7316-1675,SBS33,6720.41542
O_Dysp7316-1675,SBS19,5815.823956
O_Dysp7316-1675,SBS32,5432.029533
O_Dysp7316-1675,SBS87,3922.486839
O_Dysp7316-1675,SBS17a,3737.783124
O_Dysp7316-1675,SBS39,3616.194695
O_Dysp7316-1675,SBS7b,2490.085127
O_Dysp7316-1675,SBS10b,1998.125514
O_Dysp7316-1675,SBS29,1799.069728
O_Dysp7316-1675,SBS2,1078.09207
O_Dysp7316-1675,SBS91,367.498141
O_Dysp7316-1675,SBS24,62.11525096
O_Dysp7316-1675,SBS28,31.68571681
O_Med7316-182,SBS5,48602.63473
O_Med7316-182,SBS40,47369.70446
O_Med7316-182,SBS89,32070.47369
O_Med7316-182,SBS26,13901.2356
O_Med7316-182,SBS37,10195.6487
O_Med7316-182,SBS1,10130.50195
O_Med7316-182,SBS6,7174.213879
O_Med7316-182,SBS33,5903.857334
O_Med7316-182,SBS85,5668.061846
O_Med7316-182,SBS32,5562.271007
O_Med7316-182,SBS8,5226.713546
O_Med7316-182,SBS87,4615.836244
O_Med7316-182,SBS19,3852.75593
O_Med7316-182,SBS39,3659.271442
O_Med7316-182,SBS10d,3064.843672
O_Med7316-182,SBS91,2199.495784
O_Med7316-182,SBS7b,1347.747442
O_Med7316-182,SBS17a,1316.876096
O_Med7316-182,SBS10b,1192.838848
O_Med7316-182,SBS30,1117.189862
O_Med7316-182,SBS13,625.8348956
O_Med7316-182,SBS25,104.7533057
O_Med7316-182,SBS34,5.991198438
O_Neu7316-170,SBS89,54064.7936
O_Neu7316-170,SBS5,42922.47938
O_Neu7316-170,SBS40,32165.68075
O_Neu7316-170,SBS85,13541.9278
O_Neu7316-170,SBS26,13275.62632
O_Neu7316-170,SBS1,10249.93268
O_Neu7316-170,SBS37,8732.875244
O_Neu7316-170,SBS6,8392.924877
O_Neu7316-170,SBS33,6062.55554
O_Neu7316-170,SBS32,5175.113058
O_Neu7316-170,SBS19,5013.871114
O_Neu7316-170,SBS87,4339.201597
O_Neu7316-170,SBS17a,4171.102184
O_Neu7316-170,SBS7b,3295.368979
O_Neu7316-170,SBS39,3126.50557
O_Neu7316-170,SBS29,2199.098242
O_Neu7316-170,SBS10b,1944.184296
O_Neu7316-170,SBS91,1568.240017
O_Neu7316-170,SBS2,1538.826773
O_Neu7316-170,SBS28,26.09206342
O_Ter7316-965,SBS5,50653.757
O_Ter7316-965,SBS89,41661.88732
O_Ter7316-965,SBS40,35115.23237
O_Ter7316-965,SBS26,11999.85457
O_Ter7316-965,SBS85,10772.00863
O_Ter7316-965,SBS1,9936.303256
O_Ter7316-965,SBS37,9180.121613
O_Ter7316-965,SBS6,8206.316944
O_Ter7316-965,SBS33,6138.248519
O_Ter7316-965,SBS32,5627.35609
O_Ter7316-965,SBS19,4770.713115
O_Ter7316-965,SBS39,4475.729194
O_Ter7316-965,SBS87,4405.385398
O_Ter7316-965,SBS17a,2712.928703
O_Ter7316-965,SBS7b,2615.894401
O_Ter7316-965,SBS10b,1772.914238
O_Ter7316-965,SBS29,1766.616888
O_Ter7316-965,SBS91,944.6905448
O_Ter7316-965,SBS2,884.3283025
O_Pit7316-1096,SBS5,58394.05167
O_Pit7316-1096,SBS89,47745.3313
O_Pit7316-1096,SBS40,31854.96014
O_Pit7316-1096,SBS85,15708.1958
O_Pit7316-1096,SBS26,13990.09298
O_Pit7316-1096,SBS1,11927.49645
O_Pit7316-1096,SBS6,8262.028735
O_Pit7316-1096,SBS33,6705.680888
O_Pit7316-1096,SBS37,6587.623289
O_Pit7316-1096,SBS32,6266.920638
O_Pit7316-1096,SBS19,5237.671538
O_Pit7316-1096,SBS87,5022.846752
O_Pit7316-1096,SBS39,4092.932421
O_Pit7316-1096,SBS29,3490.660409
O_Pit7316-1096,SBS7b,3355.364134
O_Pit7316-1096,SBS17a,2971.903358
O_Pit7316-1096,SBS10b,1875.679422
O_Pit7316-1096,SBS2,1401.527171
O_Pit7316-1096,SBS91,364.3325204
