7316-1085,SBS10b,1901.95433569775
7316-1085,SBS1,13357.7042187826
7316-1085,SBS13,6.87915047784001
7316-1085,SBS17a,1408.14397977921
7316-1085,SBS19,5291.37679472156
7316-1085,SBS26,15185.2013051965
7316-1085,SBS29,689.184652858848
7316-1085,SBS30,2276.89908848892
7316-1085,SBS32,5971.6170893205
7316-1085,SBS33,6696.0960835708
7316-1085,SBS34,799.22730545335
7316-1085,SBS37,9459.72361027812
7316-1085,SBS39,5421.35273304774
7316-1085,SBS40,38335.8809411391
7316-1085,SBS5,71196.9755056545
7316-1085,SBS6,5770.35883322125
7316-1085,SBS7b,282.753676784999
7316-1085,SBS8,4059.59029533262
7316-1085,SBS85,4807.43408660507
7316-1085,SBS87,4855.35486226647
7316-1085,SBS89,29061.5501242443
7316-1085,SBS9,125.658984195159
7316-1085,SBS91,438.004696186524
7316-1099,SBS10b,1778.65167150493
7316-1099,SBS1,10546.1845031428
7316-1099,SBS17a,2893.08965917067
7316-1099,SBS19,5312.94326281634
7316-1099,SBS2,1177.9123832093
7316-1099,SBS26,13093.3966804162
7316-1099,SBS29,2074.33292361883
7316-1099,SBS32,5465.19493611563
7316-1099,SBS33,5869.10908020267
7316-1099,SBS37,6230.43889975765
7316-1099,SBS39,3101.21627946845
7316-1099,SBS40,35152.2191599147
7316-1099,SBS5,51240.9686474156
7316-1099,SBS6,7239.70839529903
7316-1099,SBS7b,2427.59359523136
7316-1099,SBS85,14446.7064447131
7316-1099,SBS87,4668.81525027014
7316-1099,SBS89,45729.2761282735
7316-1099,SBS91,338.295527601314
7316-1106,SBS10b,2002.15298511319
7316-1106,SBS1,10633.7297112439
7316-1106,SBS13,74.4881740745455
7316-1106,SBS17a,2971.49738108183
7316-1106,SBS19,4971.48360617841
7316-1106,SBS2,1568.81710660031
7316-1106,SBS26,11788.2894051105
7316-1106,SBS29,3125.69558220738
7316-1106,SBS32,5377.22944773731
7316-1106,SBS33,6011.38277746869
7316-1106,SBS37,6829.18982460332
7316-1106,SBS39,4072.71755728506
7316-1106,SBS40,32073.064036774
7316-1106,SBS5,55206.3541397961
7316-1106,SBS6,7304.81457319631
7316-1106,SBS7b,2770.32740958517
7316-1106,SBS85,15959.2802609809
7316-1106,SBS87,4741.1873840419
7316-1106,SBS89,46293.8125118106
7316-1106,SBS91,427.048190008617
7316-114,SBS10b,1634.85208139758
7316-114,SBS17a,3603.31678971232
7316-114,SBS1,9345.31156362086
7316-114,SBS19,5196.25986713626
7316-114,SBS2,1366.86267432918
7316-114,SBS24,55.6452530328954
7316-114,SBS26,12464.3202389858
7316-114,SBS29,2170.63362122502
7316-114,SBS32,4163.79396001763
7316-114,SBS33,5631.79975708778
7316-114,SBS37,9913.61229565531
7316-114,SBS39,3268.04476945788
7316-114,SBS40,29276.3055399098
7316-114,SBS5,43772.1027206489
7316-114,SBS6,8407.6619828968
7316-114,SBS7b,2820.44405478702
7316-114,SBS85,11886.8820576523
7316-114,SBS87,4397.26941706325
7316-114,SBS89,51777.3042550409
7316-114,SBS91,1124.53902469219
7316-116,SBS10b,2120.61469407161
7316-116,SBS1,10525.7023956478
7316-116,SBS17a,4047.66156688692
7316-116,SBS19,5226.5840509698
7316-116,SBS2,1455.64064416578
7316-116,SBS26,12406.0626966598
7316-116,SBS28,55.3353020222969
7316-116,SBS29,2285.89767855441
7316-116,SBS32,4402.82270686618
7316-116,SBS33,6332.38229079758
7316-116,SBS37,7326.28794523952
7316-116,SBS39,2055.16217267552
7316-116,SBS40,29112.5217550099
7316-116,SBS5,49357.9410200549
7316-116,SBS6,7281.66457563773
7316-116,SBS7b,2662.78001924238
7316-116,SBS85,14080.9411891663
7316-116,SBS87,4695.82361169314
7316-116,SBS89,53681.7326317704
7316-116,SBS91,1387.45704358309
7316-161,SBS10b,1794.91784555626
7316-161,SBS1,11407.0858776992
7316-161,SBS17a,3424.37104347751
7316-161,SBS19,5230.6354511315
7316-161,SBS2,1047.39670947748
7316-161,SBS24,299.854672048076
7316-161,SBS26,13253.8161082935
7316-161,SBS28,117.311525983799
7316-161,SBS29,1171.04631955148
7316-161,SBS32,4796.9252708286
7316-161,SBS33,6459.35952846641
7316-161,SBS37,9844.11796793763
7316-161,SBS39,3457.50881717815
7316-161,SBS40,29912.5341483315
7316-161,SBS5,54996.5243396696
7316-161,SBS6,8720.2470225197
7316-161,SBS7b,2938.39140632609
7316-161,SBS85,12639.5663807543
7316-161,SBS87,4147.77264290914
7316-161,SBS89,52356.223068184
7316-161,SBS91,408.512894855493
7316-1656,SBS10b,1822.75776709904
7316-1656,SBS17a,3184.58613133401
7316-1656,SBS19,5179.73571270691
7316-1656,SBS1,9954.67038826132
7316-1656,SBS2,1289.35572476221
7316-1656,SBS26,12005.8143216289
7316-1656,SBS29,2474.88726332004
7316-1656,SBS32,4492.07571487092
7316-1656,SBS33,6031.2982606209
7316-1656,SBS37,8426.86063481108
7316-1656,SBS39,3584.1228869594
7316-1656,SBS40,30040.6133680779
7316-1656,SBS5,47778.6828857888
7316-1656,SBS6,8121.70805067655
7316-1656,SBS7b,3248.58430451537
7316-1656,SBS85,14343.7014428867
7316-1656,SBS87,4506.98600696307
7316-1656,SBS89,51139.7775243818
7316-1656,SBS91,952.775053386111
7316-1746,SBS10b,1729.48918362079
7316-1746,SBS1,10045.8370371933
7316-1746,SBS17a,3634.53710489791
7316-1746,SBS19,4975.41989158473
7316-1746,SBS2,1048.59818150443
7316-1746,SBS24,255.479030368816
7316-1746,SBS26,12202.4094922581
7316-1746,SBS29,1924.69402984596
7316-1746,SBS32,4473.63994555704
7316-1746,SBS33,6061.97373261644
7316-1746,SBS37,9337.56471681741
7316-1746,SBS39,1802.66310169273
7316-1746,SBS40,30503.4340511712
7316-1746,SBS5,53076.6658419859
7316-1746,SBS6,8571.55680325191
7316-1746,SBS7b,2893.77001463205
7316-1746,SBS85,12370.8635150804
7316-1746,SBS87,4941.88693809223
7316-1746,SBS89,52186.2692067561
7316-1746,SBS91,1775.20687264704
7316-1763,SBS10b,1775.48551481804
7316-1763,SBS1,10552.8746362761
7316-1763,SBS17a,3415.5156371168
7316-1763,SBS19,4645.06468085303
7316-1763,SBS2,1267.46989637869
7316-1763,SBS26,13109.6688913527
7316-1763,SBS29,1688.37669768661
7316-1763,SBS32,5019.61002944511
7316-1763,SBS33,6186.56372654064
7316-1763,SBS37,8852.87206439759
7316-1763,SBS39,2849.24781357286
7316-1763,SBS40,29739.9217814353
7316-1763,SBS5,50679.1850691563
7316-1763,SBS6,8228.42917648157
7316-1763,SBS7b,2944.42964814754
7316-1763,SBS85,12195.4726235316
7316-1763,SBS87,3921.32246404745
7316-1763,SBS89,50329.50330137
7316-1763,SBS91,924.326611440859
7316-1774,SBS10b,1728.63598240655
7316-1774,SBS1,10139.4563190993
7316-1774,SBS17a,3567.82683943168
7316-1774,SBS19,4638.88362661516
7316-1774,SBS24,377.534383806977
7316-1774,SBS26,13129.8509560095
7316-1774,SBS29,1117.36132929346
7316-1774,SBS2,956.770957510303
7316-1774,SBS32,3594.53867812624
7316-1774,SBS33,5967.13672438488
7316-1774,SBS37,9001.36246893898
7316-1774,SBS39,2196.43273755749
7316-1774,SBS40,33716.5460463264
7316-1774,SBS5,48273.5058497716
7316-1774,SBS6,8355.49281868239
7316-1774,SBS7b,2944.53923787871
7316-1774,SBS85,12402.4837026447
7316-1774,SBS87,4115.0717239196
7316-1774,SBS89,54822.496279029
7316-1774,SBS91,935.459627753133
7316-1946,SBS10b,1616.39752287675
7316-1946,SBS1,10905.9683738316
7316-1946,SBS13,110.406390171594
7316-1946,SBS17a,1589.15603526779
7316-1946,SBS19,4770.93056191167
7316-1946,SBS2,22.7507729863568
7316-1946,SBS24,342.466496346296
7316-1946,SBS25,692.716939873832
7316-1946,SBS26,15067.8619402479
7316-1946,SBS30,2942.02348018417
7316-1946,SBS32,5264.3676692567
7316-1946,SBS33,6665.91840247779
7316-1946,SBS34,414.181035675654
7316-1946,SBS37,9585.89256189824
7316-1946,SBS39,7290.91522509654
7316-1946,SBS40,35350.819484707
7316-1946,SBS5,56355.4571932471
7316-1946,SBS6,7231.60898308916
7316-1946,SBS7b,976.945242385045
7316-1946,SBS85,5208.93227299363
7316-1946,SBS8,6125.64391162353
7316-1946,SBS87,4676.00206690415
7316-1946,SBS89,28570.1152682908
7316-1946,SBS91,47.4030837760538
7316-1946,SBS9,932.267159083732
7316-194,SBS10b,1641.47799954095
7316-194,SBS1,11807.8161034939
7316-194,SBS17a,3313.11544377134
7316-194,SBS19,5907.70762450449
7316-194,SBS2,1211.86324067097
7316-194,SBS26,12241.7562496572
7316-194,SBS28,89.3382163340217
7316-194,SBS29,2726.60293031845
7316-194,SBS32,4964.01430321014
7316-194,SBS33,5987.96449543033
7316-194,SBS37,5810.64345910035
7316-194,SBS39,3464.83640388175
7316-194,SBS40,27478.6573278878
7316-194,SBS5,57984.7601627323
7316-194,SBS6,6664.76373907371
7316-194,SBS7b,2310.12230535903
7316-194,SBS85,13945.4466005855
7316-194,SBS87,4168.64726658348
7316-194,SBS89,44864.5763882933
7316-194,SBS91,881.760637624627
7316-1956,SBS10b,1884.52141809369
7316-1956,SBS1,11281.3288796602
7316-1956,SBS17a,3369.35888201056
7316-1956,SBS19,5494.69077285493
7316-1956,SBS26,13190.2753113077
7316-1956,SBS29,2407.838820691
7316-1956,SBS2,963.739127157299
7316-1956,SBS32,5654.71234789451
7316-1956,SBS33,6016.99596801849
7316-1956,SBS37,6075.8014864262
7316-1956,SBS39,1712.04823533502
7316-1956,SBS40,33572.9119114957
7316-1956,SBS5,57963.2324166683
7316-1956,SBS6,7951.62424557966
7316-1956,SBS7b,2789.10839887279
7316-1956,SBS85,15541.1891135553
7316-1956,SBS87,4583.1687212935
7316-1956,SBS89,49234.8841217886
7316-1956,SBS91,1058.80268880444
7316-195,SBS10b,1503.41887943786
7316-195,SBS1,11026.8227237282
7316-195,SBS17a,2957.76814605407
7316-195,SBS19,4625.81761144748
7316-195,SBS2,1096.69411560633
7316-195,SBS26,11354.3939020987
7316-195,SBS29,2114.25320477313
7316-195,SBS32,4888.84338328829
7316-195,SBS33,5708.55465643985
7316-195,SBS37,8089.93852744896
7316-195,SBS39,2983.09930818613
7316-195,SBS40,29757.3494124975
7316-195,SBS5,56557.5350006256
7316-195,SBS6,6948.56322492501
7316-195,SBS7b,2385.68875331284
7316-195,SBS85,11869.6080198802
7316-195,SBS87,3934.93993699529
7316-195,SBS89,42422.408912413
7316-195,SBS91,455.039869187964
7316-204,SBS10b,1695.62759396179
7316-204,SBS1,11336.8576063417
7316-204,SBS17a,2768.13987201842
7316-204,SBS19,5021.92522810692
7316-204,SBS26,13080.6732569368
7316-204,SBS2,886.10054177791
7316-204,SBS29,2237.22709475348
7316-204,SBS32,5618.50256129394
7316-204,SBS33,6160.88925148082
7316-204,SBS34,8.75553119266557
7316-204,SBS37,5587.26959961491
7316-204,SBS39,3133.68934579023
7316-204,SBS40,31662.205124826
7316-204,SBS5,60125.8964755268
7316-204,SBS6,7328.34591754433
7316-204,SBS7b,2295.30692946662
7316-204,SBS85,12932.6574464627
7316-204,SBS87,4434.97822720759
7316-204,SBS89,43179.8725711432
7316-204,SBS91,492.767236015085
7316-2091,SBS10b,1747.11211268763
7316-2091,SBS1,10698.0811077588
7316-2091,SBS17a,3105.95096541131
7316-2091,SBS19,4869.74158865726
7316-2091,SBS26,13505.0346985878
7316-2091,SBS29,2216.71879578538
7316-2091,SBS2,922.716210701649
7316-2091,SBS32,5017.32024394301
7316-2091,SBS33,5985.03151532596
7316-2091,SBS37,7286.46492507756
7316-2091,SBS39,2583.7219005169
7316-2091,SBS40,33584.9559886195
7316-2091,SBS5,55003.1137694214
7316-2091,SBS6,7776.75018766782
7316-2091,SBS7b,2826.64024109337
7316-2091,SBS85,12776.736378728
7316-2091,SBS87,4940.70720630433
7316-2091,SBS89,48559.4754175482
7316-2091,SBS91,1187.77558847453
7316-212,SBS10b,1947.03359025106
7316-212,SBS1,10233.7654511584
7316-212,SBS17a,2722.22550257312
7316-212,SBS19,4926.21721759602
7316-212,SBS2,1136.06057727589
7316-212,SBS26,12116.4808467095
7316-212,SBS28,105.593005272806
7316-212,SBS29,2472.60771976038
7316-212,SBS32,5508.50723293118
7316-212,SBS33,5828.32049950277
7316-212,SBS37,7049.65874739172
7316-212,SBS39,3420.15508440305
7316-212,SBS40,28571.2615980647
7316-212,SBS5,54136.3853070471
7316-212,SBS6,7721.54893564522
7316-212,SBS7b,2691.43563168093
7316-212,SBS85,14328.6359555243
7316-212,SBS87,4489.86559993233
7316-212,SBS89,46702.2897521988
7316-212,SBS91,415.148850266735
7316-2140,SBS10b,1977.62235392482
7316-2140,SBS1,10220.9782785084
7316-2140,SBS17a,3139.37756471784
7316-2140,SBS19,5252.8501629963
7316-2140,SBS2,1359.60416769807
7316-2140,SBS26,12141.4125732046
7316-2140,SBS29,2637.10728912026
7316-2140,SBS32,6322.40697869383
7316-2140,SBS33,6083.56352954832
7316-2140,SBS37,7256.01860487251
7316-2140,SBS39,3969.79684871013
7316-2140,SBS40,32734.7403887611
7316-2140,SBS5,51412.6801272197
7316-2140,SBS6,7581.99734792619
7316-2140,SBS7b,2763.54766210733
7316-2140,SBS85,13901.3051071793
7316-2140,SBS87,3895.84350361265
7316-2140,SBS89,45167.280513054
7316-2140,SBS91,535.193726390054
7316-2151,SBS10b,2193.19794509353
7316-2151,SBS1,11074.7401716035
7316-2151,SBS17a,2958.46817494283
7316-2151,SBS19,5314.89116136349
7316-2151,SBS2,1405.72765802157
7316-2151,SBS26,13160.6673207426
7316-2151,SBS29,2343.37487756539
7316-2151,SBS32,5836.51206592365
7316-2151,SBS33,6675.2697304971
7316-2151,SBS37,7093.35739671644
7316-2151,SBS39,3428.57935353767
7316-2151,SBS40,35547.9207414835
7316-2151,SBS5,48149.6043699452
7316-2151,SBS6,7746.45245331663
7316-2151,SBS7b,2591.51249302344
7316-2151,SBS85,16124.9768345774
7316-2151,SBS87,4058.33031773623
7316-2151,SBS89,48781.5007385493
7316-2151,SBS91,1693.16062312227
7316-2152,SBS10b,1792.96575722936
7316-2152,SBS17a,3664.0193076022
7316-2152,SBS1,9512.92791693435
7316-2152,SBS19,5154.29215049249
7316-2152,SBS2,1332.14398526637
7316-2152,SBS24,209.078105929879
7316-2152,SBS26,11663.1358770545
7316-2152,SBS28,105.382751103427
7316-2152,SBS29,1751.77538518562
7316-2152,SBS32,4034.03451477766
7316-2152,SBS33,5924.29658232693
7316-2152,SBS37,9605.95376751637
7316-2152,SBS39,3608.13037968434
7316-2152,SBS40,31165.7830292921
7316-2152,SBS5,45980.9516950151
7316-2152,SBS6,8541.5157854407
7316-2152,SBS7b,3238.78202733511
7316-2152,SBS85,14016.5595557265
7316-2152,SBS87,4534.29978834171
7316-2152,SBS89,52535.0691433332
7316-2152,SBS91,839.044029317903
7316-2176,SBS10b,1731.87232709142
7316-2176,SBS1,10634.9750677421
7316-2176,SBS13,8.26339901926207
7316-2176,SBS17a,3062.49712816849
7316-2176,SBS19,5195.87104798635
7316-2176,SBS24,28.7995106105088
7316-2176,SBS26,12291.5397194069
7316-2176,SBS29,1856.53658641794
7316-2176,SBS2,969.083377528296
7316-2176,SBS30,753.991663778955
7316-2176,SBS32,4986.24845974471
7316-2176,SBS33,5983.19692165189
7316-2176,SBS37,10056.4821917103
7316-2176,SBS39,5483.32142088412
7316-2176,SBS40,29014.0127338042
7316-2176,SBS5,55860.0521455421
7316-2176,SBS6,7952.58498218635
7316-2176,SBS7b,2591.18693512696
7316-2176,SBS85,11320.5404820253
7316-2176,SBS87,3685.59770127892
7316-2176,SBS89,47301.3992426159
7316-2176,SBS91,276.579642610662
7316-2189,SBS10b,1479.37463708291
7316-2189,SBS1,10628.5537437877
7316-2189,SBS17a,2937.53420222209
7316-2189,SBS19,4819.19359616735
7316-2189,SBS2,1102.20088652562
7316-2189,SBS26,12830.2517363275
7316-2189,SBS29,1606.84496209442
7316-2189,SBS32,5666.91038292041
7316-2189,SBS33,5998.1515385542
7316-2189,SBS37,7337.68734663423
7316-2189,SBS39,2436.39470466553
7316-2189,SBS40,33731.1491048485
7316-2189,SBS5,54828.9037016739
7316-2189,SBS6,8020.30300673245
7316-2189,SBS7b,2223.20254634118
7316-2189,SBS85,13168.2394398296
7316-2189,SBS87,4795.51297524997
7316-2189,SBS89,44719.9543891511
7316-2189,SBS91,726.432677049033
7316-2274,SBS10b,1582.08775064851
7316-2274,SBS10d,1167.80867821739
7316-2274,SBS1,11845.3498228956
7316-2274,SBS13,103.276651899285
7316-2274,SBS17a,1376.99919331228
7316-2274,SBS17b,422.627232990711
7316-2274,SBS19,4048.60031648719
7316-2274,SBS25,443.093130581989
7316-2274,SBS26,14643.3927245644
7316-2274,SBS29,179.71544214801
7316-2274,SBS30,1981.18100280246
7316-2274,SBS32,5594.7305219946
7316-2274,SBS33,6392.62529647948
7316-2274,SBS34,515.712729844781
7316-2274,SBS37,9105.78406322463
7316-2274,SBS39,4216.3842846318
7316-2274,SBS40,44519.0814125653
7316-2274,SBS5,55147.4846303954
7316-2274,SBS6,6933.79828145534
7316-2274,SBS7b,492.299454154823
7316-2274,SBS8,3362.56954106453
7316-2274,SBS85,3959.38492275455
7316-2274,SBS87,4540.1161330675
7316-2274,SBS89,28014.5472007423
7316-2274,SBS91,1151.68404026424
7316-2274,SBS9,1738.83865332915
7316-2594,SBS10b,1783.61537699206
7316-2594,SBS17a,3496.57361047983
7316-2594,SBS19,5231.32891988269
7316-2594,SBS1,9949.51471527714
7316-2594,SBS2,1236.17847892785
7316-2594,SBS26,13199.4973133029
7316-2594,SBS29,2376.34814310449
7316-2594,SBS32,4533.56976178444
7316-2594,SBS33,5795.21167044568
7316-2594,SBS37,7495.04090326846
7316-2594,SBS39,3039.58492624666
7316-2594,SBS40,33285.7817781978
7316-2594,SBS5,45760.5139845301
7316-2594,SBS6,8272.27299533885
7316-2594,SBS7b,2677.46097228717
7316-2594,SBS85,13770.5249503851
7316-2594,SBS87,4320.42315205985
7316-2594,SBS89,50081.6359325554
7316-2594,SBS91,1219.4613177733
7316-2756,SBS10b,1828.94876105788
7316-2756,SBS1,12320.2883411704
7316-2756,SBS17a,1471.24845880097
7316-2756,SBS19,4959.46382477724
7316-2756,SBS25,118.176175550463
7316-2756,SBS2,57.5648351069078
7316-2756,SBS26,17218.0939566979
7316-2756,SBS29,598.778143913683
7316-2756,SBS30,3334.00290406059
7316-2756,SBS32,4572.87546191282
7316-2756,SBS33,7217.99666455298
7316-2756,SBS34,495.231764942708
7316-2756,SBS37,7289.83947367574
7316-2756,SBS39,6500.10077061895
7316-2756,SBS40,35985.4194486293
7316-2756,SBS5,67286.8478099023
7316-2756,SBS6,7906.17659516667
7316-2756,SBS7b,461.707530566798
7316-2756,SBS8,3568.88751296631
7316-2756,SBS85,4196.84981358769
7316-2756,SBS87,6331.2134637922
7316-2756,SBS89,28079.7030297491
7316-2756,SBS91,293.291567272261
7316-2756,SBS9,1807.63719150986
7316-2781,SBS10b,1611.36675161802
7316-2781,SBS1,10506.7254695579
7316-2781,SBS17a,2968.68498787723
7316-2781,SBS19,5147.863314935
7316-2781,SBS2,1236.6516502132
7316-2781,SBS26,13245.2449749069
7316-2781,SBS29,1838.21239388754
7316-2781,SBS30,161.48859927233
7316-2781,SBS32,4587.84181341009
7316-2781,SBS33,5682.11155596765
7316-2781,SBS37,8889.61881269271
7316-2781,SBS39,4279.96589580136
7316-2781,SBS40,27983.7508727607
7316-2781,SBS5,53451.5890411098
7316-2781,SBS6,8138.65686062421
7316-2781,SBS7b,2728.41979488684
7316-2781,SBS85,11313.8080665541
7316-2781,SBS87,4134.46974259798
7316-2781,SBS89,47353.9097975263
7316-2781,SBS91,3.98728275159819
7316-2784,SBS10b,2179.4982052522
7316-2784,SBS10d,638.795532732266
7316-2784,SBS1,11858.8736405216
7316-2784,SBS17a,1369.70881315334
7316-2784,SBS17b,359.3704192774
7316-2784,SBS19,4606.96154331045
7316-2784,SBS25,128.161874122872
7316-2784,SBS26,14619.2271923733
7316-2784,SBS30,1578.79123343497
7316-2784,SBS32,5318.32051698953
7316-2784,SBS33,6485.19733605177
7316-2784,SBS34,310.245031069404
7316-2784,SBS37,9094.1923540919
7316-2784,SBS39,3702.5345055267
7316-2784,SBS40,47982.3104163735
7316-2784,SBS5,51942.2738355331
7316-2784,SBS6,6570.66209897805
7316-2784,SBS8,3324.52898803806
7316-2784,SBS85,4467.72946125117
7316-2784,SBS87,5216.59843554871
7316-2784,SBS89,29362.9337078861
7316-2784,SBS91,1069.24790787898
7316-2784,SBS9,762.358110600516
7316-2857,SBS10b,2283.35705441423
7316-2857,SBS1,11541.9701567503
7316-2857,SBS17a,1819.83045115444
7316-2857,SBS19,5393.55468500817
7316-2857,SBS25,1994.54742863386
7316-2857,SBS26,15879.5601498448
7316-2857,SBS29,516.872797449927
7316-2857,SBS30,4018.14034012
7316-2857,SBS32,4453.17457630096
7316-2857,SBS33,7507.61140559085
7316-2857,SBS34,551.828306044977
7316-2857,SBS37,9272.53407621559
7316-2857,SBS39,7884.20113772455
7316-2857,SBS40,35593.6145758901
7316-2857,SBS5,60942.2317354421
7316-2857,SBS6,8125.21928338406
7316-2857,SBS7b,335.738744322045
7316-2857,SBS85,4042.03514750698
7316-2857,SBS8,5601.4040436126
7316-2857,SBS87,5421.75784632151
7316-2857,SBS89,29570.4371718665
7316-2857,SBS91,140.08164989902
7316-2857,SBS9,1207.38774642042
7316-3000,SBS10b,1926.55791602319
7316-3000,SBS1,12679.4484970687
7316-3000,SBS17a,3493.37052886845
7316-3000,SBS19,5441.15504843175
7316-3000,SBS2,1133.0444829861
7316-3000,SBS26,14937.6683427258
7316-3000,SBS29,1558.13557516544
7316-3000,SBS30,1072.50729014689
7316-3000,SBS32,5139.05760525618
7316-3000,SBS33,7129.13510247847
7316-3000,SBS37,10146.7729192558
7316-3000,SBS39,3141.05351266965
7316-3000,SBS40,31872.6148888588
7316-3000,SBS5,64827.5691540925
7316-3000,SBS6,8544.48618699434
7316-3000,SBS7b,1726.10054868123
7316-3000,SBS85,11571.1622164515
7316-3000,SBS87,5256.21879721573
7316-3000,SBS89,52650.6106801612
7316-3022,SBS10b,2053.51169927303
7316-3022,SBS10d,401.015023158273
7316-3022,SBS1,12486.8210878208
7316-3022,SBS13,251.529733972664
7316-3022,SBS17a,1732.85561715858
7316-3022,SBS19,4973.92486379588
7316-3022,SBS26,16429.115695422
7316-3022,SBS29,458.276116593416
7316-3022,SBS30,2165.54751728518
7316-3022,SBS32,5735.79597969895
7316-3022,SBS33,6919.78051529828
7316-3022,SBS34,306.539119542343
7316-3022,SBS37,9267.51565210697
7316-3022,SBS39,5272.31849645023
7316-3022,SBS40,40639.808389933
7316-3022,SBS5,64103.3601908827
7316-3022,SBS6,8092.69895525725
7316-3022,SBS7b,1020.56540970962
7316-3022,SBS8,4894.48781286504
7316-3022,SBS85,5655.31177658813
7316-3022,SBS87,5036.73990741671
7316-3022,SBS89,29955.8777577463
7316-3022,SBS91,1530.92240043254
7316-3022,SBS9,451.723679384504
7316-3026,SBS10b,1962.94424540104
7316-3026,SBS10d,96.6562671360542
7316-3026,SBS1,11631.5606631262
7316-3026,SBS13,334.042329246873
7316-3026,SBS17a,1530.31386146267
7316-3026,SBS19,4450.24698865326
7316-3026,SBS25,720.14867145927
7316-3026,SBS26,14484.2921161678
7316-3026,SBS30,4000.04829822808
7316-3026,SBS32,4401.30494426753
7316-3026,SBS33,6599.55498193358
7316-3026,SBS34,457.096869801098
7316-3026,SBS37,10221.1669742092
7316-3026,SBS39,5129.84072510093
7316-3026,SBS40,36470.4251813705
7316-3026,SBS5,61884.1652935289
7316-3026,SBS6,6297.22590350139
7316-3026,SBS8,4865.22887821245
7316-3026,SBS85,4583.741280367
7316-3026,SBS87,4755.13169873417
7316-3026,SBS89,29071.4760777456
7316-3026,SBS91,651.662981175156
7316-3026,SBS9,707.784416812185
7316-3030,SBS10b,2076.91710419501
7316-3030,SBS1,11944.8331685404
7316-3030,SBS17a,3001.3905417192
7316-3030,SBS19,5229.18016963432
7316-3030,SBS26,13680.247898479
7316-3030,SBS29,2352.38722515055
7316-3030,SBS2,945.88205399389
7316-3030,SBS32,5854.78119029451
7316-3030,SBS33,6669.96687584539
7316-3030,SBS37,7257.14866136314
7316-3030,SBS39,2747.79035396795
7316-3030,SBS40,32473.8281218431
7316-3030,SBS5,55298.949464767
7316-3030,SBS6,7640.31198717789
7316-3030,SBS7b,2683.33168123835
7316-3030,SBS85,13748.7166140867
7316-3030,SBS87,4030.66194247687
7316-3030,SBS89,47883.9534244543
7316-3030,SBS91,1296.99731475457
7316-3075,SBS10b,1690.94428120233
7316-3075,SBS1,10855.5014912139
7316-3075,SBS17a,3054.36026673303
7316-3075,SBS19,4993.39303153325
7316-3075,SBS2,1114.97758559941
7316-3075,SBS26,12690.5365469439
7316-3075,SBS29,2345.67919823999
7316-3075,SBS32,4648.62372232321
7316-3075,SBS33,6115.1197947461
7316-3075,SBS37,7549.80666074243
7316-3075,SBS39,2557.59566565629
7316-3075,SBS40,35665.6503375161
7316-3075,SBS5,52754.8958077066
7316-3075,SBS6,7418.16395553598
7316-3075,SBS7b,2884.55503543989
7316-3075,SBS85,13243.588305829
7316-3075,SBS87,3955.93157101773
7316-3075,SBS89,47520.7283715487
7316-3075,SBS91,1284.88406790246
7316-339,SBS10b,1805.77652065373
7316-339,SBS1,10605.6095657944
7316-339,SBS17a,2666.40782373459
7316-339,SBS19,4652.36759778047
7316-339,SBS2,1181.08963140523
7316-339,SBS26,12874.6480658872
7316-339,SBS29,2141.76536059944
7316-339,SBS32,5703.55148796558
7316-339,SBS33,5749.59614987427
7316-339,SBS37,5639.17835435181
7316-339,SBS39,3992.36140426595
7316-339,SBS40,28866.0350876879
7316-339,SBS5,52880.0178309138
7316-339,SBS6,6937.50880264125
7316-339,SBS7b,2634.93235072643
7316-339,SBS85,13233.0778657638
7316-339,SBS87,4204.70066893446
7316-339,SBS89,42074.3500167891
7316-339,SBS91,144.481663930076
7316-343,SBS10b,1555.41496248785
7316-343,SBS10d,1094.67186438972
7316-343,SBS1,12302.3071127217
7316-343,SBS13,227.591215604553
7316-343,SBS17a,1682.96539705095
7316-343,SBS19,5025.75077980131
7316-343,SBS26,14669.2238746026
7316-343,SBS29,575.019465860169
7316-343,SBS30,1349.77290317477
7316-343,SBS32,5474.71616099379
7316-343,SBS33,6573.50372009622
7316-343,SBS34,205.373486777846
7316-343,SBS37,8101.16722501212
7316-343,SBS39,3353.29980898907
7316-343,SBS40,41950.105746051
7316-343,SBS5,63588.5448731167
7316-343,SBS6,6873.87096892514
7316-343,SBS7b,752.331108152503
7316-343,SBS8,3937.96374034491
7316-343,SBS85,5735.40096252933
7316-343,SBS87,5059.46877797317
7316-343,SBS89,30606.3563697843
7316-343,SBS91,1669.40715134959
7316-34,SBS10b,1999.05287367717
7316-34,SBS1,11315.3278423446
7316-34,SBS13,124.36288649283
7316-34,SBS17a,1768.11637935382
7316-34,SBS19,5126.57742344387
7316-34,SBS24,288.951770162085
7316-34,SBS26,11728.2085592814
7316-34,SBS30,3598.64368192337
7316-34,SBS32,4003.66525401189
7316-34,SBS33,5970.00055353338
7316-34,SBS34,42.3402288702644
7316-34,SBS37,11989.4182977867
7316-34,SBS39,7899.93094411583
7316-34,SBS40,33131.4417033266
7316-34,SBS44,260.422284809048
7316-34,SBS5,54376.3560836474
7316-34,SBS6,5703.2294100974
7316-34,SBS8,4310.10312018766
7316-34,SBS85,6447.04061758971
7316-34,SBS87,3418.63067244074
7316-34,SBS89,33860.010403665
7316-3521,SBS10b,1919.27648363704
7316-3521,SBS1,12015.1212241525
7316-3521,SBS17a,1790.00691888152
7316-3521,SBS19,4852.46466258814
7316-3521,SBS25,101.015151501972
7316-3521,SBS26,15219.7666696754
7316-3521,SBS29,568.403201699015
7316-3521,SBS30,1824.69161691309
7316-3521,SBS32,5687.53912022427
7316-3521,SBS33,6702.22893379914
7316-3521,SBS34,572.856527404005
7316-3521,SBS37,8491.61432522688
7316-3521,SBS39,5670.27377589956
7316-3521,SBS40,39642.6019834507
7316-3521,SBS5,60912.6931895873
7316-3521,SBS6,6591.64922052715
7316-3521,SBS7b,1035.55282669218
7316-3521,SBS8,2839.46802659632
7316-3521,SBS85,4749.35535279193
7316-3521,SBS87,5232.30158654677
7316-3521,SBS89,30138.4164617311
7316-3521,SBS91,299.203723746119
7316-3625,SBS10b,1841.77879562515
7316-3625,SBS1,11146.9890338804
7316-3625,SBS17a,2662.26326232881
7316-3625,SBS19,5307.22242923336
7316-3625,SBS2,1049.45051457085
7316-3625,SBS24,141.869045587304
7316-3625,SBS26,12336.639456597
7316-3625,SBS29,1399.06669402806
7316-3625,SBS32,5399.75994060845
7316-3625,SBS33,6346.77585411557
7316-3625,SBS37,9294.74371999766
7316-3625,SBS39,4186.15781676273
7316-3625,SBS40,27425.5556986694
7316-3625,SBS5,58117.4808008812
7316-3625,SBS6,7785.45216577795
7316-3625,SBS7b,2576.18484441859
7316-3625,SBS85,11015.2388570498
7316-3625,SBS87,4172.27344899842
7316-3625,SBS89,45121.1785008064
7316-3625,SBS91,43.8363446362411
7316-3636,SBS10a,325.143748195736
7316-3636,SBS10b,1581.82304420641
7316-3636,SBS1,16274.2455667649
7316-3636,SBS13,424.911185410731
7316-3636,SBS17a,2960.36286425133
7316-3636,SBS19,5163.98983877486
7316-3636,SBS2,411.752475564551
7316-3636,SBS25,125.658210507209
7316-3636,SBS26,15897.6744074473
7316-3636,SBS30,3482.83084301744
7316-3636,SBS32,7170.62331131443
7316-3636,SBS33,6671.89460493496
7316-3636,SBS34,665.51319797065
7316-3636,SBS37,10654.7314704958
7316-3636,SBS39,4252.90600740171
7316-3636,SBS40,35505.3656499715
7316-3636,SBS44,3554.48949475032
7316-3636,SBS5,91016.1821440819
7316-3636,SBS6,5290.70403496673
7316-3636,SBS8,5601.8348744483
7316-3636,SBS85,7840.26898709339
7316-3636,SBS87,4724.50300991937
7316-3636,SBS89,33810.2853250139
7316-3636,SBS91,568.610650468985
7316-3765,SBS10b,2031.53578363799
7316-3765,SBS1,11884.9984109918
7316-3765,SBS13,232.525574309912
7316-3765,SBS17a,1778.93683589958
7316-3765,SBS19,4752.92611865559
7316-3765,SBS24,70.7040872603404
7316-3765,SBS25,342.753198118183
7316-3765,SBS26,16307.1474312994
7316-3765,SBS30,2825.32247306643
7316-3765,SBS32,5269.22097579825
7316-3765,SBS33,6978.43705182126
7316-3765,SBS34,443.18312955043
7316-3765,SBS37,7544.39880140381
7316-3765,SBS39,6581.41966931716
7316-3765,SBS40,35441.8528299366
7316-3765,SBS5,65149.3423008668
7316-3765,SBS6,7571.81835341085
7316-3765,SBS7b,445.861893148929
7316-3765,SBS8,4951.95806504846
7316-3765,SBS85,4627.62141679089
7316-3765,SBS87,5531.47429937685
7316-3765,SBS89,27971.2228456516
7316-3765,SBS9,1360.59840567488
7316-3765,SBS91,500.438440381522
7316-3769,SBS10b,2002.00536076587
7316-3769,SBS1,12542.4283626864
7316-3769,SBS13,334.567658558472
7316-3769,SBS17a,1738.54729893878
7316-3769,SBS19,4482.22645047968
7316-3769,SBS26,15128.7572919941
7316-3769,SBS29,19.388980956351
7316-3769,SBS30,3832.15594657498
7316-3769,SBS32,5191.13965606703
7316-3769,SBS33,6540.73773438916
7316-3769,SBS34,592.434937893136
7316-3769,SBS37,8382.86216162135
7316-3769,SBS39,5226.38727700479
7316-3769,SBS40,35134.4273047803
7316-3769,SBS5,65884.287846849
7316-3769,SBS6,5765.72698186289
7316-3769,SBS7b,248.702150166185
7316-3769,SBS8,4542.29914325871
7316-3769,SBS85,4799.56584274918
7316-3769,SBS87,4687.07424174575
7316-3769,SBS89,28735.0403788037
7316-3769,SBS91,433.67758285172
7316-3771,SBS10b,2116.34217892187
7316-3771,SBS1,11797.1215646773
7316-3771,SBS13,24.913287892543
7316-3771,SBS17a,1676.87012045913
7316-3771,SBS19,4908.59648760929
7316-3771,SBS24,16.5550261825975
7316-3771,SBS25,232.84886782102
7316-3771,SBS26,15423.0614865942
7316-3771,SBS29,468.750887767026
7316-3771,SBS30,2723.0681771438
7316-3771,SBS32,4748.24920250265
7316-3771,SBS33,6959.6541164178
7316-3771,SBS34,316.206691666624
7316-3771,SBS37,8159.07754996545
7316-3771,SBS39,6016.98298085682
7316-3771,SBS40,39657.8865166077
7316-3771,SBS5,61199.0721271065
7316-3771,SBS6,7005.98990671771
7316-3771,SBS7b,617.404315461455
7316-3771,SBS8,4099.1771893825
7316-3771,SBS85,5574.80379680426
7316-3771,SBS87,5164.48705966275
7316-3771,SBS89,28349.6563098699
7316-3771,SBS91,506.187054145205
7316-3771,SBS9,195.05760749635
7316-388,SBS10b,1812.21370348257
7316-388,SBS1,10500.2358656207
7316-388,SBS17a,3733.74655581114
7316-388,SBS19,5357.75601980287
7316-388,SBS2,1302.38911564853
7316-388,SBS24,375.140235138496
7316-388,SBS26,12929.3551763138
7316-388,SBS29,1485.78738276914
7316-388,SBS32,4488.35116789537
7316-388,SBS33,6282.4549145484
7316-388,SBS37,9927.11918330159
7316-388,SBS39,2400.09248181234
7316-388,SBS40,31304.631814259
7316-388,SBS5,50960.2862787023
7316-388,SBS6,8715.5860650737
7316-388,SBS7b,2987.15466522141
7316-388,SBS85,12060.0144826402
7316-388,SBS87,5251.58758816617
7316-388,SBS89,51254.4788898256
7316-388,SBS91,881.670940571008
7316-392,SBS10b,1822.98512669153
7316-392,SBS1,11634.8155689315
7316-392,SBS13,210.934429414831
7316-392,SBS17a,1830.0181451064
7316-392,SBS19,5101.46622571656
7316-392,SBS26,13491.4741460611
7316-392,SBS28,181.039618982411
7316-392,SBS30,4402.77939314121
7316-392,SBS32,3654.83040145802
7316-392,SBS33,6002.03485207071
7316-392,SBS34,177.555707250199
7316-392,SBS37,9793.1273976845
7316-392,SBS39,6813.36437747058
7316-392,SBS40,33070.9976700174
7316-392,SBS5,59269.2535880783
7316-392,SBS6,5700.86296144688
7316-392,SBS7b,169.263972144324
7316-392,SBS8,4287.88763171211
7316-392,SBS85,7168.20570661724
7316-392,SBS87,4461.52551007666
7316-392,SBS89,33964.0228189599
7316-3935,SBS10b,1888.9882774822
7316-3935,SBS1,13757.1803509953
7316-3935,SBS17a,1473.14875565319
7316-3935,SBS19,5604.88597169774
7316-3935,SBS25,66.7947059368159
7316-3935,SBS26,15860.9294652662
7316-3935,SBS30,3316.15431061294
7316-3935,SBS32,4462.32483967388
7316-3935,SBS33,7237.77982506381
7316-3935,SBS34,644.404797935483
7316-3935,SBS37,8914.85576338214
7316-3935,SBS39,5663.25636195566
7316-3935,SBS40,35581.6788848
7316-3935,SBS5,74715.1028589347
7316-3935,SBS6,5973.81824909494
7316-3935,SBS85,3469.09461165753
7316-3935,SBS8,5498.76894274708
7316-3935,SBS87,5045.65688496165
7316-3935,SBS89,29155.3910728745
7316-3935,SBS9,1406.19331911116
7316-3935,SBS91,495.157809476771
7316-409,SBS10b,1845.45173445362
7316-409,SBS17a,3048.93362793155
7316-409,SBS19,4873.66919350652
7316-409,SBS1,9623.58027867575
7316-409,SBS2,1437.02120111504
7316-409,SBS26,11711.2989724517
7316-409,SBS29,2532.72119234
7316-409,SBS32,5573.55503775059
7316-409,SBS33,5528.15903528244
7316-409,SBS37,7952.92635638035
7316-409,SBS39,2578.8152646503
7316-409,SBS40,32199.4002355592
7316-409,SBS5,49223.7340416266
7316-409,SBS6,8028.81357020709
7316-409,SBS7b,3117.36862142074
7316-409,SBS85,14073.4676214922
7316-409,SBS87,4087.88703855386
7316-409,SBS89,47788.8181137313
7316-409,SBS91,910.005666786802
7316-4215,SBS10a,1568.10860821002
7316-4215,SBS10b,2173.81327221883
7316-4215,SBS1,12180.6837584153
7316-4215,SBS13,69.3818970939963
7316-4215,SBS17a,2180.56411061767
7316-4215,SBS19,4437.50209749385
7316-4215,SBS2,1584.81463119003
7316-4215,SBS22,271.959336259303
7316-4215,SBS25,3914.69344063391
7316-4215,SBS26,14198.5205247963
7316-4215,SBS28,341.135191314649
7316-4215,SBS32,6910.67230387344
7316-4215,SBS33,6215.87788652337
7316-4215,SBS37,8426.18626578855
7316-4215,SBS39,5332.36910339727
7316-4215,SBS40,32314.7679469455
7316-4215,SBS5,68828.5940207253
7316-4215,SBS6,7470.90970594814
7316-4215,SBS7b,2325.19658890693
7316-4215,SBS85,7503.912493587
7316-4215,SBS87,4467.41380380208
7316-4215,SBS89,36145.3160319655
7316-4215,SBS8,9552.78897518376
7316-4215,SBS91,403.059166809359
7316-4293,SBS10b,1900.11295597975
7316-4293,SBS1,14608.8999823177
7316-4293,SBS13,379.061982772823
7316-4293,SBS17a,2179.45350126872
7316-4293,SBS19,5045.83189717154
7316-4293,SBS2,153.555461532695
7316-4293,SBS26,17900.864032843
7316-4293,SBS30,2784.20615821866
7316-4293,SBS32,7192.34267238905
7316-4293,SBS33,6635.37065621031
7316-4293,SBS34,586.709898212408
7316-4293,SBS37,7087.58410235369
7316-4293,SBS39,5998.5694726893
7316-4293,SBS40,37270.5322687811
7316-4293,SBS44,721.002063777737
7316-4293,SBS5,84829.799582877
7316-4293,SBS6,6644.29823380933
7316-4293,SBS8,4809.5105937272
7316-4293,SBS85,6354.46159770997
7316-4293,SBS87,4953.47667128472
7316-4293,SBS89,27681.0723813693
7316-4293,SBS9,139.226362002625
7316-4293,SBS91,94.4680447949675
7316-4337,SBS10a,230.558246156457
7316-4337,SBS10b,1866.37466449475
7316-4337,SBS10d,113.109978679774
7316-4337,SBS1,17723.4938392588
7316-4337,SBS13,267.165294425946
7316-4337,SBS17a,2787.70322758381
7316-4337,SBS19,4723.44082411338
7316-4337,SBS24,49.4597958620349
7316-4337,SBS26,17306.4176148322
7316-4337,SBS29,270.027634253105
7316-4337,SBS30,1872.32795133937
7316-4337,SBS32,7234.97142373929
7316-4337,SBS33,7291.1392350071
7316-4337,SBS34,869.919607043155
7316-4337,SBS37,7822.25307744597
7316-4337,SBS39,2829.51260650846
7316-4337,SBS40,41067.5323688412
7316-4337,SBS44,3647.19639721713
7316-4337,SBS5,103618.074946869
7316-4337,SBS6,4288.15701628139
7316-4337,SBS8,3622.54648756703
7316-4337,SBS85,7311.48472332783
7316-4337,SBS87,4579.83058229488
7316-4337,SBS89,33881.1760589344
7316-4337,SBS91,538.97537466949
7316-4347,SBS10b,1453.84605804061
7316-4347,SBS1,17989.8920490349
7316-4347,SBS13,311.102643120674
7316-4347,SBS17a,2204.72504267583
7316-4347,SBS19,5407.56116875804
7316-4347,SBS2,489.058385194181
7316-4347,SBS26,17110.9233255147
7316-4347,SBS29,763.257280152626
7316-4347,SBS30,1159.43113158343
7316-4347,SBS32,8572.04921679086
7316-4347,SBS33,6804.98144064169
7316-4347,SBS34,1098.13380950492
7316-4347,SBS37,7869.8334576531
7316-4347,SBS39,5787.01181369309
7316-4347,SBS40,35684.3808049413
7316-4347,SBS44,2910.25638177023
7316-4347,SBS5,99887.3213010413
7316-4347,SBS6,3500.87557072272
7316-4347,SBS8,2952.40760142698
7316-4347,SBS85,4825.34269862937
7316-4347,SBS87,4480.76053365953
7316-4347,SBS89,27339.3516508853
7316-4347,SBS91,185.065927768012
7316-4347,SBS9,890.132794712395
7316-4432,SBS10b,2026.32152134408
7316-4432,SBS1,16235.4993382608
7316-4432,SBS13,313.239246889105
7316-4432,SBS17a,2056.56373193162
7316-4432,SBS19,4886.84099072665
7316-4432,SBS2,223.208356659551
7316-4432,SBS26,15482.191425606
7316-4432,SBS28,7.31292233336941
7316-4432,SBS29,570.182454945818
7316-4432,SBS30,1563.43373535322
7316-4432,SBS32,8015.50617923091
7316-4432,SBS33,6611.59024998328
7316-4432,SBS34,744.509315417057
7316-4432,SBS37,8018.13959043139
7316-4432,SBS39,6461.29653549644
7316-4432,SBS40,36028.5185349174
7316-4432,SBS44,2797.63529714738
7316-4432,SBS5,89948.2972415834
7316-4432,SBS6,3399.45216339582
7316-4432,SBS8,1703.73660073007
7316-4432,SBS85,6359.02047832976
7316-4432,SBS87,4368.62059006471
7316-4432,SBS89,26710.860076167
7316-4432,SBS9,304.331487717771
7316-445,SBS10b,1689.82255391013
7316-445,SBS17a,3683.72723296991
7316-445,SBS1,9421.56572475877
7316-445,SBS19,4974.58508997257
7316-445,SBS2,1590.70849868028
7316-445,SBS24,494.400068505372
7316-445,SBS26,11366.1646834135
7316-445,SBS28,62.5875993404497
7316-445,SBS29,1525.11583114548
7316-445,SBS32,3653.07495828762
7316-445,SBS33,5815.69211235846
7316-445,SBS37,11580.0338524451
7316-445,SBS39,2829.01742558766
7316-445,SBS40,26024.9095312613
7316-445,SBS5,49097.5287824211
7316-445,SBS6,7826.83254438688
7316-445,SBS7b,3458.69630290413
7316-445,SBS85,12484.6126649842
7316-445,SBS87,4524.9984753466
7316-445,SBS89,55807.0705395709
7316-445,SBS91,218.451440779085
7316-4466,SBS10a,1304.59872984551
7316-4466,SBS10b,2119.36482278612
7316-4466,SBS1,15032.1072063801
7316-4466,SBS13,114.283715909355
7316-4466,SBS17a,2686.45661997551
7316-4466,SBS19,5188.83333510193
7316-4466,SBS2,1262.11815379395
7316-4466,SBS25,3642.13965146844
7316-4466,SBS26,15574.2330946235
7316-4466,SBS28,169.887232411398
7316-4466,SBS32,8070.44195310707
7316-4466,SBS33,7038.59428643996
7316-4466,SBS34,256.317970057585
7316-4466,SBS37,7617.83621650949
7316-4466,SBS39,4046.9881296846
7316-4466,SBS40,33957.3227242416
7316-4466,SBS44,1176.51159667656
7316-4466,SBS5,90187.1069483468
7316-4466,SBS6,6040.03776236429
7316-4466,SBS7b,1722.29999822799
7316-4466,SBS85,7700.03250374229
7316-4466,SBS8,6203.04815935441
7316-4466,SBS87,4397.65850885933
7316-4466,SBS89,39283.4794310882
7316-4466,SBS91,268.262304115733
7316-4466,SBS9,723.083596493578
7316-4516,SBS10b,1735.57792117427
7316-4516,SBS1,15937.1599140564
7316-4516,SBS13,209.096497182866
7316-4516,SBS17a,2421.27334631805
7316-4516,SBS19,4335.10346796792
7316-4516,SBS2,253.328889984631
7316-4516,SBS25,198.285492407575
7316-4516,SBS26,16156.5107567018
7316-4516,SBS30,1657.9250681239
7316-4516,SBS32,7370.19551140789
7316-4516,SBS33,6692.58541636579
7316-4516,SBS34,580.855504595026
7316-4516,SBS37,7134.41729865103
7316-4516,SBS39,4504.56820848367
7316-4516,SBS40,40204.6748616456
7316-4516,SBS44,751.311321519537
7316-4516,SBS5,85109.925791314
7316-4516,SBS6,4769.64252405127
7316-4516,SBS8,3155.97443650464
7316-4516,SBS85,7474.53525478948
7316-4516,SBS87,4440.56425008584
7316-4516,SBS89,35509.7494218598
7316-4516,SBS91,720.679064711891
7316-4516,SBS9,252.101245665334
7316-4552,SBS10b,1883.22956923646
7316-4552,SBS1,13898.2085348335
7316-4552,SBS13,462.742907204501
7316-4552,SBS17a,2548.26491732944
7316-4552,SBS19,4884.54206272079
7316-4552,SBS2,140.090408966153
7316-4552,SBS24,43.2611100906631
7316-4552,SBS26,14319.145995625
7316-4552,SBS30,3366.31396508052
7316-4552,SBS32,6102.82805853769
7316-4552,SBS33,6867.60527709697
7316-4552,SBS37,10530.5979626105
7316-4552,SBS39,4768.1052368487
7316-4552,SBS40,38357.9622238283
7316-4552,SBS44,2254.39053143756
7316-4552,SBS5,77373.8059569945
7316-4552,SBS6,6309.37826105902
7316-4552,SBS8,5755.0162522888
7316-4552,SBS85,8249.27152161244
7316-4552,SBS87,5383.04275796428
7316-4552,SBS89,34249.2602255103
7316-4552,SBS91,91.8440319906622
7316-45,SBS10b,1940.20426802213
7316-45,SBS1,10530.1231741792
7316-45,SBS17a,3059.13261676916
7316-45,SBS19,5511.70453357193
7316-45,SBS2,1158.7460127143
7316-45,SBS26,12641.9086607371
7316-45,SBS29,1904.43101695029
7316-45,SBS32,4719.86320175891
7316-45,SBS33,6184.84908143239
7316-45,SBS37,7109.28082031027
7316-45,SBS39,2842.17556687814
7316-45,SBS40,30415.1047111532
7316-45,SBS5,56539.6425263479
7316-45,SBS6,7913.63402288642
7316-45,SBS7b,2678.85049855663
7316-45,SBS85,13095.7848468371
7316-45,SBS87,5285.24285065345
7316-45,SBS89,47114.1369459575
7316-45,SBS91,209.154210610301
7316-461,SBS10b,1944.10627906531
7316-461,SBS1,13013.0737873506
7316-461,SBS17a,3172.72541289135
7316-461,SBS19,5399.16559686166
7316-461,SBS2,1173.51442041517
7316-461,SBS26,15058.1419975751
7316-461,SBS28,162.932794333323
7316-461,SBS29,2850.31529753743
7316-461,SBS32,6110.90194710223
7316-461,SBS33,6987.16279633069
7316-461,SBS37,5580.93999430935
7316-461,SBS39,1101.14804548448
7316-461,SBS40,34547.2450459965
7316-461,SBS5,69651.4254881948
7316-461,SBS6,8684.35038233226
7316-461,SBS7b,2706.12038509906
7316-461,SBS85,15843.6661102739
7316-461,SBS87,5202.03001759018
7316-461,SBS89,48986.4750135215
7316-461,SBS91,1614.05312987792
7316-466,SBS10b,1890.82958256915
7316-466,SBS1,11716.3058539729
7316-466,SBS17a,2756.83142895244
7316-466,SBS19,5372.01843247386
7316-466,SBS2,1005.21198885421
7316-466,SBS26,13694.3390487895
7316-466,SBS29,1647.98890062047
7316-466,SBS32,5311.7619844688
7316-466,SBS33,6280.92339207137
7316-466,SBS37,7714.87032402061
7316-466,SBS39,3380.10282010538
7316-466,SBS40,30425.1447001484
7316-466,SBS5,61877.2785323687
7316-466,SBS6,7991.02375455867
7316-466,SBS7b,2637.98956406208
7316-466,SBS85,11656.5628499456
7316-466,SBS87,4777.05098724521
7316-466,SBS89,43637.9765714009
7316-466,SBS91,348.188139830642
7316-4678,SBS10a,313.753040850165
7316-4678,SBS10b,2049.51187370957
7316-4678,SBS1,15835.317585003
7316-4678,SBS13,532.3340594766
7316-4678,SBS17a,2478.76286447571
7316-4678,SBS18,313.647886129662
7316-4678,SBS19,5349.45979604729
7316-4678,SBS2,166.188644899541
7316-4678,SBS24,200.686230578703
7316-4678,SBS25,432.122582880736
7316-4678,SBS26,15418.0445832874
7316-4678,SBS30,3384.15475753959
7316-4678,SBS32,6850.65815331999
7316-4678,SBS33,6835.49874380558
7316-4678,SBS34,634.234645640111
7316-4678,SBS37,12245.5555720549
7316-4678,SBS39,3971.93281993369
7316-4678,SBS40,38730.0221325708
7316-4678,SBS44,2968.78851057455
7316-4678,SBS5,88948.8436403858
7316-4678,SBS6,6093.28987290541
7316-4678,SBS85,7220.68855119543
7316-4678,SBS8,6538.08644460067
7316-4678,SBS87,4863.01455507346
7316-4678,SBS89,33634.6950872702
7316-4678,SBS91,572.202423747595
7316-4723,SBS10a,2172.06948534933
7316-4723,SBS10b,2265.02887029186
7316-4723,SBS10d,637.807672331818
7316-4723,SBS1,14231.9956527252
7316-4723,SBS13,173.000519805882
7316-4723,SBS17a,3091.79288576008
7316-4723,SBS19,5150.79817227856
7316-4723,SBS2,1629.77683316176
7316-4723,SBS22,619.188020638634
7316-4723,SBS25,2633.29392828964
7316-4723,SBS26,16265.1219129874
7316-4723,SBS28,82.0826331331281
7316-4723,SBS32,7791.56996162095
7316-4723,SBS33,6971.34894482733
7316-4723,SBS37,7111.60592058404
7316-4723,SBS39,1901.88853231527
7316-4723,SBS40,36774.8206267588
7316-4723,SBS5,86660.7638680179
7316-4723,SBS6,7059.73937520329
7316-4723,SBS7b,1240.04572474666
7316-4723,SBS85,8699.47256513158
7316-4723,SBS8,6830.20263273493
7316-4723,SBS87,5898.28586518377
7316-4723,SBS89,44435.8163190896
7316-4723,SBS9,145.510987030249
7316-4723,SBS91,459.359994961019
7316-4917,SBS10a,1238.57409034675
7316-4917,SBS10b,2707.86079321611
7316-4917,SBS1,19636.6670601869
7316-4917,SBS13,215.729464087075
7316-4917,SBS17a,2912.72778236272
7316-4917,SBS19,5760.1922793324
7316-4917,SBS2,1034.52679560809
7316-4917,SBS25,3816.6841783926
7316-4917,SBS26,16356.1705449792
7316-4917,SBS28,162.21194432653
7316-4917,SBS32,8283.37239915243
7316-4917,SBS33,7646.17676692805
7316-4917,SBS34,407.656203149942
7316-4917,SBS37,9307.30180999878
7316-4917,SBS39,1467.03144582286
7316-4917,SBS40,37752.0998330313
7316-4917,SBS44,2705.86749149535
7316-4917,SBS5,117963.758604939
7316-4917,SBS6,6216.60218482927
7316-4917,SBS7b,426.384865902924
7316-4917,SBS85,8925.4884291552
7316-4917,SBS8,5924.70784404431
7316-4917,SBS87,4630.28732181275
7316-4917,SBS89,45092.1457500421
7316-4917,SBS91,666.647710574013
7316-4942,SBS10a,1361.49318586236
7316-4942,SBS10b,2218.98745781932
7316-4942,SBS10d,437.002225417668
7316-4942,SBS1,14451.5801511586
7316-4942,SBS13,215.783777430152
7316-4942,SBS17a,2699.50117795749
7316-4942,SBS19,5429.45981293918
7316-4942,SBS2,1412.27704241713
7316-4942,SBS22,407.182400515674
7316-4942,SBS25,2470.33041117536
7316-4942,SBS26,17361.8653304296
7316-4942,SBS28,212.05013285622
7316-4942,SBS32,8203.74377083341
7316-4942,SBS33,6485.45476481391
7316-4942,SBS34,20.5259919762113
7316-4942,SBS37,6124.3271117604
7316-4942,SBS39,2898.85774558667
7316-4942,SBS40,38268.0465504521
7316-4942,SBS5,82032.0808950494
7316-4942,SBS6,6778.13032884504
7316-4942,SBS7b,920.779321796733
7316-4942,SBS85,8803.30840730127
7316-4942,SBS87,4936.85084188461
7316-4942,SBS8,7597.98623639587
7316-4942,SBS89,39527.4393357602
7316-4942,SBS91,457.136461020123
7316-4993,SBS10b,2262.51611919162
7316-4993,SBS10d,397.452117758946
7316-4993,SBS1,13985.5635678376
7316-4993,SBS13,225.627564767395
7316-4993,SBS17a,2561.39864259383
7316-4993,SBS19,5119.0683098023
7316-4993,SBS25,1077.61891480792
7316-4993,SBS26,18132.9650149507
7316-4993,SBS30,2192.27164597205
7316-4993,SBS32,7004.83833648345
7316-4993,SBS33,6652.94940916885
7316-4993,SBS34,658.597590487402
7316-4993,SBS37,8805.21486006676
7316-4993,SBS39,3129.98306627737
7316-4993,SBS40,46565.9632350547
7316-4993,SBS5,73465.0096974708
7316-4993,SBS6,8071.39367550585
7316-4993,SBS85,7196.82108513174
7316-4993,SBS8,7333.75624394511
7316-4993,SBS87,5183.43649209961
7316-4993,SBS89,38615.0737821407
7316-4993,SBS91,1275.92150133744
7316-5087,SBS10a,1310.20334226409
7316-5087,SBS10b,2029.22967375092
7316-5087,SBS10d,248.454149984821
7316-5087,SBS1,14702.9696589948
7316-5087,SBS13,376.716538330929
7316-5087,SBS17a,2435.25837471483
7316-5087,SBS19,5236.47374516193
7316-5087,SBS2,1405.14135033458
7316-5087,SBS25,3767.57352082269
7316-5087,SBS26,14359.0599328451
7316-5087,SBS32,8243.94317485387
7316-5087,SBS33,6562.53644056879
7316-5087,SBS34,395.423928167814
7316-5087,SBS37,11526.9060193494
7316-5087,SBS39,3382.05574865873
7316-5087,SBS40,36282.6307715998
7316-5087,SBS44,615.315324378094
7316-5087,SBS5,83005.9751598539
7316-5087,SBS6,6561.1010097669
7316-5087,SBS7b,1208.30001003629
7316-5087,SBS85,7332.17541076221
7316-5087,SBS8,7271.12230005081
7316-5087,SBS87,5015.63440040441
7316-5087,SBS89,38863.4999742021
7316-5087,SBS91,579.191482035142
7316-5087,SBS9,372.068355383985
7316-515,SBS10b,1495.32443637289
7316-515,SBS1,10231.0737507418
7316-515,SBS17a,3120.60373266631
7316-515,SBS19,5021.00313378037
7316-515,SBS2,1270.29302982441
7316-515,SBS26,12260.2448585137
7316-515,SBS28,207.168536099533
7316-515,SBS29,2760.04804744504
7316-515,SBS32,5068.84833562554
7316-515,SBS33,5757.4049193501
7316-515,SBS37,6984.00879241033
7316-515,SBS39,2051.87975849159
7316-515,SBS40,28706.7005251301
7316-515,SBS5,53961.9238136347
7316-515,SBS6,7567.51861183535
7316-515,SBS7b,2480.62930514047
7316-515,SBS85,14333.0461033352
7316-515,SBS87,4096.1329265162
7316-515,SBS89,48217.018336779
7316-515,SBS91,653.538936642115
7316-5267,SBS10a,256.33466851457
7316-5267,SBS10b,2168.98460365645
7316-5267,SBS1,14567.4560352677
7316-5267,SBS13,221.717509617359
7316-5267,SBS17a,2447.49094071666
7316-5267,SBS19,4704.9127056483
7316-5267,SBS24,182.303556240974
7316-5267,SBS26,17126.1880540784
7316-5267,SBS30,3201.12252272358
7316-5267,SBS32,6972.09414969532
7316-5267,SBS33,6751.06039350043
7316-5267,SBS34,550.712465687094
7316-5267,SBS37,8355.51999766436
7316-5267,SBS39,4227.40065311695
7316-5267,SBS40,40741.537193533
7316-5267,SBS44,1183.64594781409
7316-5267,SBS5,80077.308654268
7316-5267,SBS6,6066.815499662
7316-5267,SBS8,4225.62897598536
7316-5267,SBS85,7657.10516232842
7316-5267,SBS87,5057.43060256408
7316-5267,SBS89,35834.9946773083
7316-5267,SBS91,284.627030301687
7316-5267,SBS9,522.280438536879
7316-71,SBS10b,1604.56007569217
7316-71,SBS17a,3032.66486581098
7316-71,SBS19,4831.3801859985
7316-71,SBS1,9937.60981702556
7316-71,SBS2,1210.26414155812
7316-71,SBS24,117.9783513721
7316-71,SBS26,11921.4055271978
7316-71,SBS29,1308.71190341536
7316-71,SBS30,173.834247220246
7316-71,SBS32,4592.59747393911
7316-71,SBS33,5937.48273563452
7316-71,SBS37,10203.2077018149
7316-71,SBS39,4065.15990737964
7316-71,SBS40,26589.6628338668
7316-71,SBS5,49637.1652071535
7316-71,SBS6,7099.98494550296
7316-71,SBS7b,2446.90924866261
7316-71,SBS85,10029.0287225053
7316-71,SBS87,4320.63697712966
7316-71,SBS89,46576.3418919658
7316-85,SBS10b,1772.7178399349
7316-85,SBS1,11079.8047124831
7316-85,SBS17a,3414.41324643047
7316-85,SBS19,5304.20291644738
7316-85,SBS2,1245.69653375888
7316-85,SBS24,581.710415818067
7316-85,SBS26,12995.9136146268
7316-85,SBS28,32.631101065676
7316-85,SBS29,1352.92429906524
7316-85,SBS32,5350.54920810388
7316-85,SBS33,6538.11716683653
7316-85,SBS37,10355.9371284921
7316-85,SBS39,4199.00590414549
7316-85,SBS40,31361.2973052508
7316-85,SBS5,58726.1658490618
7316-85,SBS6,8803.3516257312
7316-85,SBS7b,2602.74299418854
7316-85,SBS85,10863.0858610702
7316-85,SBS87,4089.02114067506
7316-85,SBS89,49228.7221118264
7316-85,SBS91,312.483831068231
7316-870,SBS10b,1513.65468242668
7316-870,SBS17a,3281.34902431409
7316-870,SBS19,5207.66293852131
7316-870,SBS1,9682.14186794174
7316-870,SBS2,1161.49813222898
7316-870,SBS24,197.866679575225
7316-870,SBS26,10805.919171506
7316-870,SBS28,260.906309542263
7316-870,SBS29,1912.50357425575
7316-870,SBS32,3893.45738603985
7316-870,SBS33,5774.98588790566
7316-870,SBS37,9525.95423058133
7316-870,SBS39,2507.79497017393
7316-870,SBS40,26730.4154300927
7316-870,SBS5,46841.6496102307
7316-870,SBS6,7736.30259070216
7316-870,SBS7b,2502.12143032401
7316-870,SBS85,12756.6861548944
7316-870,SBS87,3734.81025823625
7316-870,SBS89,51579.4041938629
7316-870,SBS91,689.803034442027
7316-8734,SBS10b,1803.20569375663
7316-8734,SBS10d,2036.4381629719
7316-8734,SBS1,12601.5685229712
7316-8734,SBS13,664.342673752189
7316-8734,SBS17a,1794.93368535748
7316-8734,SBS19,4984.27064203837
7316-8734,SBS26,15538.5172434178
7316-8734,SBS29,1392.13397685541
7316-8734,SBS30,2924.93786565458
7316-8734,SBS32,6751.02074540327
7316-8734,SBS33,6860.92735368226
7316-8734,SBS34,187.698548008564
7316-8734,SBS37,11764.0090898696
7316-8734,SBS39,4224.99200307549
7316-8734,SBS40,46151.6412007087
7316-8734,SBS5,56459.5176197351
7316-8734,SBS6,8796.21396542389
7316-8734,SBS7b,685.24869478585
7316-8734,SBS85,6842.57168368328
7316-8734,SBS87,6888.94439986915
7316-8734,SBS8,8851.40004840517
7316-8734,SBS89,36251.870356774
7316-8734,SBS91,2224.77549373405
7316-895,SBS10b,1922.46426331782
7316-895,SBS10d,5.23494145741138
7316-895,SBS1,10203.0391897197
7316-895,SBS17a,3784.87039282252
7316-895,SBS19,5054.17491878598
7316-895,SBS2,1269.9253688706
7316-895,SBS26,12879.2673995264
7316-895,SBS29,2406.1469135931
7316-895,SBS32,3963.11697138943
7316-895,SBS33,6113.58802998187
7316-895,SBS37,5326.68899698289
7316-895,SBS39,1467.79562512658
7316-895,SBS40,32882.3458556075
7316-895,SBS5,46051.7956331033
7316-895,SBS6,8076.78399439507
7316-895,SBS7b,3168.2286023118
7316-895,SBS85,17626.7133515407
7316-895,SBS87,4339.61856524987
7316-895,SBS89,53962.5699497873
7316-895,SBS91,2140.154250266
7316-89,SBS10b,1821.31871241129
7316-89,SBS1,10566.1411783801
7316-89,SBS17a,3126.62777200045
7316-89,SBS19,5212.45051698466
7316-89,SBS2,1476.89383212147
7316-89,SBS26,13911.7854875364
7316-89,SBS29,2955.60902728586
7316-89,SBS32,6214.71588256198
7316-89,SBS33,6101.35829977399
7316-89,SBS37,7302.49341641722
7316-89,SBS39,2748.07549170887
7316-89,SBS40,32297.199936526
7316-89,SBS5,53184.3329277673
7316-89,SBS6,7784.55864279546
7316-89,SBS7b,2697.56987227721
7316-89,SBS85,14206.1597576342
7316-89,SBS87,5262.00986133183
7316-89,SBS89,47738.9798510583
7316-89,SBS91,1411.0973197064
7316-903,SBS10b,1643.51784031996
7316-903,SBS1,10095.337643923
7316-903,SBS17a,3661.89172961838
7316-903,SBS19,5480.61817073434
7316-903,SBS2,1541.45043931613
7316-903,SBS24,1289.84310547485
7316-903,SBS26,11949.4956417428
7316-903,SBS28,299.272981373565
7316-903,SBS29,1079.09248555886
7316-903,SBS32,4417.8917868405
7316-903,SBS33,6061.67285663875
7316-903,SBS37,10691.515673103
7316-903,SBS39,3373.88711773534
7316-903,SBS40,21480.6134753298
7316-903,SBS5,48081.4989043091
7316-903,SBS6,7950.19072915221
7316-903,SBS7b,3140.81369495761
7316-903,SBS85,12242.395032974
7316-903,SBS87,3939.52161638648
7316-903,SBS89,53491.8855009612
7316-903,SBS91,700.394426243224
7316-913,SBS10b,1792.69943496825
7316-913,SBS1,11603.1298503371
7316-913,SBS17a,3270.92097239361
7316-913,SBS19,5202.61365691366
7316-913,SBS2,1088.82129729132
7316-913,SBS26,13159.597923184
7316-913,SBS29,1728.05539715077
7316-913,SBS32,5127.6307285616
7316-913,SBS33,6248.91543441777
7316-913,SBS37,8208.30178864856
7316-913,SBS39,2381.16467211657
7316-913,SBS40,27742.2763054892
7316-913,SBS5,60194.4375740885
7316-913,SBS6,7266.69672243452
7316-913,SBS7b,2404.68071571521
7316-913,SBS85,12275.6500883296
7316-913,SBS87,4401.62979320702
7316-913,SBS89,48789.8204790261
7316-913,SBS91,840.025346827555
